"HDONG","weekend","gb","ALL","F15","F20","F25","F30","F35","F40","F45","F50","F55","F60","F65","M15","M20","M25","M30","M35","M40","M45","M50","M55","M60","M65"
"J청운효자동","주중","kbad",51017.7608888889,1649.93866666667,1961.73966666667,1727.19066666667,1745.59688888889,2085.97811111111,2098.96544444444,2342.99677777778,2001.24655555556,1736.336,1408.87433333333,1822.68266666667,1669.36666666667,1360.04288888889,2242.07666666667,2500.91366666667,3010.92344444444,2884.98388888889,3653.15211111111,3363.47788888889,3141.257,2871.70233333333,3738.31855555556
"J청운효자동","주중","kgood",56382.3607843137,1976.19558823529,2415.97431372549,2016.89147058824,1943.32098039216,2357.86509803922,2263.49098039216,2525.47205882353,2118.38049019608,1874.01843137255,1460.41647058824,1846.09333333333,2085.51215686275,1671.68254901961,2885.1568627451,3071.58470588235,3407.17009803922,3206.09901960784,3956.16882352941,3477.18392156863,3308.00637254902,2902.93441176471,3612.74264705882
"J청운효자동","주중","ratio",0.904853223227976,0.834906563140358,0.811986971683328,0.856362720480405,0.898254537722653,0.884689337335624,0.927313367990886,0.927746070122527,0.944705903787057,0.926530908625211,0.964707233660449,0.987318806560882,0.800458851881214,0.813577248674704,0.777107371740416,0.814209571325576,0.883702121645525,0.899842416358609,0.92340652638075,0.967299390758587,0.949592185210777,0.989241204243265,1.03475916243272
"J청운효자동","주말","kbad",43028.5459375,1385.3375,1296.1178125,1723.47625,1649.37875,1868.5903125,1859.646875,2090.1665625,1835.4509375,1628.8465625,1320.3209375,1616.2240625,1296.921875,1132.095625,1979.806875,2171.6028125,2325.698125,2187.318125,2738.8084375,2703.98125,2654.3640625,2450.0334375,3114.35875
"J청운효자동","주말","kgood",44647.3953061224,1527.36591836735,1421.07224489796,1801.40326530612,1733.84040816327,2046.38795918367,1950.47428571429,2165.76530612245,1850.89224489796,1628.6587755102,1283.75448979592,1562.40693877551,1420.62693877551,1245.99306122449,2279.7387755102,2462.44346938776,2553.10265306122,2334.25632653061,2882.4887755102,2703.55836734694,2566.14653061224,2322.97,2904.04857142857
"J청운효자동","주말","ratio",0.963741459999561,0.907010876267839,0.912070316729793,0.956740938130319,0.95128637112989,0.91311635416649,0.95343316680485,0.965093750736178,0.991657370956887,1.00011530161666,1.02848398817277,1.03444501070039,0.912922203289953,0.908589028487399,0.868435847241718,0.88188940761346,0.910930127392817,0.937051385548131,0.950154068515055,1.00015641706063,1.03437743357029,1.05469869929444,1.07241964912039
"J사직동","주중","kbad",213803.450847458,4674.12237288136,8554.98271186441,11170.5737288136,10323.9298305085,10333.0872881356,9077.17474576271,9357.83406779661,7292.08949152542,6540.37016949153,5445.06491525424,7311.31525423729,3536.34762711864,4769.23830508475,9006.89830508475,11179.7186440678,14018.3942372881,13204.3166101695,15792.8689830508,13586.3766101695,12363.4591525424,10976.6710169492,15288.616779661
"J사직동","주중","kgood",226880.53317757,5281.12878504673,9126.2029906542,12150.6903738318,11078.5599065421,11331.9955140187,9848.93074766355,10073.0037383178,7559.64654205607,6995.30074766355,5520.80654205608,7352.30598130841,4254.29841121495,5089.97654205608,9914.21635514019,12079.398411215,15171.6642056075,14177.6406542056,16777.3637383178,13940.2554205607,13000.9921495327,11135.1417757009,15021.0136448598
"J사직동","주중","ratio",0.942361373419915,0.885061236551534,0.937408769082305,0.919336546742312,0.931883739186357,0.911850633487512,0.921640630676186,0.929001349637086,0.964607201005739,0.934966258838267,0.986280695361292,0.994424779494307,0.831241084968632,0.936986303508234,0.908483129926348,0.92551948892489,0.923985269335642,0.931347953599925,0.941320056558205,0.974614610728774,0.950962742715505,0.985768411220628,1.01781525142897
"J사직동","주말","kbad",147376.522608696,4771.46,6354.8847826087,8282.32086956522,6821.72043478261,6633.35347826087,6176.98,6579.13608695652,5579.40043478261,5480.20086956522,4562.93956521739,5984.59652173913,3695.46652173913,4351.06434782609,7466.04347826087,7430.51391304348,7392.83739130435,6652.87695652174,8144.98347826087,7818.75608695652,8136.66695652174,7899.23043478261,11161.09
"J사직동","주말","kgood",153727.636086957,5346.22391304348,6647.97282608696,8555.91760869565,7114.36,7200.77413043478,6557.94260869565,6987.01217391304,5751.43652173913,5668.73130434783,4610.9597826087,6074.15782608696,4261.13195652174,4625.11043478261,7942.48934782609,7753.89152173913,7916.50456521739,7019.13934782609,8541.34369565217,7916.06391304348,8308.9197826087,7945.52869565217,10982.0241304348
"J사직동","주말","ratio",0.958685935464015,0.892491612324505,0.955913170654343,0.968022513581434,0.958866354075786,0.921200048509277,0.941908212464302,0.941623675928406,0.970088153401978,0.966742040738814,0.989585635170269,0.985255354419145,0.867249960678442,0.940748206811325,0.940013030084123,0.958294798451975,0.933851213044976,0.947819472850645,0.95359509797117,0.987707549211847,0.979268926576052,0.994173042141941,1.0163053611464
"J삼청동","주중","kbad",34952.7894444444,948.705555555556,1244.20022222222,1505.29222222222,1540.77255555556,1562.75333333333,1510.23955555556,1622.68211111111,1284.78455555556,1148.798,952.783111111111,1250.33588888889,730.309333333333,782.206222222222,1407.88855555556,1690.47044444444,2215.44966666667,2158.49966666667,2551.18866666667,2269.38555555556,2071.94911111111,1862.88322222222,2641.21188888889
"J삼청동","주중","kgood",32705.2677906977,923.086627906977,1119.95255813953,1418.89488372093,1366.59034883721,1450.79081395349,1367.01965116279,1480.21058139535,1174.84895348837,1080.8876744186,827.293604651163,1054.04337209302,685.013604651163,672.921744186047,1335.69372093023,1679.73755813953,2136.60441860465,2053.08104651163,2528.85093023256,2119.71081395349,2036.52941860465,1788.5511627907,2404.95430232558
"J삼청동","주중","ratio",1.06872047855196,1.02775354649722,1.11094011365007,1.06089058427973,1.12745751268224,1.07717344106608,1.10476799237739,1.09625085207907,1.0935742435151,1.06282829121715,1.15168678417726,1.18622812115035,1.0661238380882,1.16240295246866,1.05405044097613,1.00638962095769,1.03690212721431,1.05134654588242,1.00883315665904,1.07061092513979,1.01739218308505,1.04155992905204,1.09823786935779
"J삼청동","주말","kbad",30769.7490625,994.7028125,1242.1859375,1591.300625,1459.533125,1444.2765625,1422.2828125,1529.6053125,1241.5353125,1112.161875,898.585625,1141.3603125,790.459375,860.0565625,1494.1484375,1554.2496875,1695.883125,1546.0325,1763.63875,1686.4928125,1633.031875,1549.3553125,2118.8703125
"J삼청동","주말","kgood",28153.5995121951,923.260975609756,1072.00951219512,1449.31243902439,1318.82731707317,1400.42219512195,1312.52902439024,1400.46658536585,1094.72170731707,1021.17073170732,774.926097560976,932.735365853659,683.077073170732,746.158780487805,1356.51585365854,1485.26268292683,1580.44146341463,1422.12365853659,1729.24317073171,1515.72463414634,1540.73073170732,1457.06146341463,1936.87804878049
"J삼청동","주말","ratio",1.09292415874466,1.07737989450173,1.15874525679946,1.09796934198066,1.10669009210326,1.03131510449549,1.08362008463831,1.09221121623577,1.13411043574055,1.0891047309401,1.15957589740265,1.22367002933935,1.15720378570286,1.1526455025266,1.10146035777633,1.04644767916556,1.07304393377275,1.08712944245012,1.01989053931249,1.11266438144936,1.05990738121411,1.06334245424972,1.09396165330806
"J부암동","주중","kbad",74704.2746236559,1960.13741935484,2659.18602150538,1919.34967741935,2018.27634408602,2550.91516129032,2677.25870967742,3249.77064516129,2914.05053763441,2641.02838709677,2106.56537634409,2580.79021505376,1722.64365591398,2101.27021505376,2867.07161290323,3274.31225806452,4652.58634408602,4714.76311827957,5978.51795698925,5702.15430107527,5614.97139784946,5021.44107526882,5777.21419354839
"J부암동","주중","kgood",83124.9602409639,2230.85975903614,2771.34192771084,2121.27963855422,2240.62963855422,2941.14686746988,2991.28987951807,3696.75457831325,3189.68879518072,2962.90397590361,2251.46180722892,2783.1556626506,1951.91,2244.57469879518,3264.6621686747,3817.47662650602,5481.47674698795,5419.59445783133,6858.80108433735,6312.69771084337,6323.23578313253,5381.40891566265,5888.60951807229
"J부암동","주중","ratio",0.898698470436582,0.878646634516249,0.959530108831389,0.904807476833894,0.900763030782869,0.867319884465595,0.895018141842125,0.879087474247232,0.913584592339298,0.891364826054251,0.935643398249261,0.927289209758353,0.882542563906112,0.936155172818112,0.878213874750515,0.857716386612524,0.848783376969098,0.869947586477938,0.871656413923666,0.903283281136784,0.887990198440427,0.933108996912288,0.981082915384009
"J부암동","주말","kbad",68460.7944117647,1911.00794117647,1554.88411764706,2127.66764705882,2415.75705882353,2918.38529411765,2771.33647058824,3260.98058823529,2905.44382352941,2761.47970588235,2179.25588235294,2556.23205882353,1743.24676470588,1401.75088235294,2647.77911764706,3380.12058823529,4205.93470588235,3876.02911764706,4819.83264705882,4814.19294117647,4912.79411764706,4338.38823529412,4958.29470588235
"J부암동","주말","kgood",76038.7156756757,2255.37702702703,1713.22513513514,2343.42945945946,2740.37486486486,3398.54945945946,3130.66648648649,3729.0027027027,3204.64891891892,3044.30189189189,2323.02243243243,2741.24297297297,2044.99972972973,1590.10540540541,3091.28135135135,3874.59567567568,4846.85432432432,4365.20837837838,5450.29756756757,5222.75189189189,5344.47837837838,4576.07702702703,5008.22459459459
"J부암동","주말","ratio",0.90034127751141,0.847311965261749,0.907577227160173,0.907929034718884,0.881542554559468,0.858714969115623,0.885222518128552,0.874491344796238,0.906634048546434,0.907097851641192,0.938112285067797,0.932508385439182,0.852443518384363,0.881545888459864,0.856531262186661,0.872380209748169,0.867765858935462,0.88793679056553,0.884324679030302,0.921773241545383,0.919227990054606,0.948058393613332,0.990030421405995
"J평창동","주중","kbad",137182.346938776,3708.45959183673,3456.32785714286,3491.76336734694,3942.75755102041,4882.64397959184,5108.97489795918,6463.31795918367,5775.75142857143,5692.82959183673,4656.15387755102,5962.87897959184,2889.20653061224,3036.42459183673,4866.66704081633,6081.14510204082,8369.97510204082,8328.13969387755,10473.6354081633,9872.59979591837,10115.8724489796,9131.94,10874.8821428571
"J평창동","주중","kgood",148187.814722222,4614.37986111111,4158.06486111111,3929.92263888889,4227.18,5334.01861111111,5570.42986111111,7108.38652777778,6314.51625,6244.66916666667,5035.64680555556,6615.11513888889,3510.12611111111,3668.05222222222,5498.23569444444,6483.03361111111,8866.44083333333,8724.00888888889,10957.4356944444,10106.6872222222,10571.8379166667,9476.34861111111,11173.2781944444
"J평창동","주중","ratio",0.925732977410616,0.803674535573186,0.831234714366448,0.888506896495593,0.932715794222249,0.915378129619002,0.917159900643667,0.909252463118974,0.914678369633054,0.911630294559784,0.924638692374958,0.90140214560096,0.823106190249581,0.827802988583726,0.885132488178659,0.938009189342855,0.944006198132394,0.954623017920634,0.95584730773036,0.97683836244688,0.956869801515946,0.96365597919147,0.973293777672548
"J평창동","주말","kbad",141967.972727273,3762.48575757576,2917.80757575758,3944.18636363636,4879.23545454545,5988.99424242424,5658.23545454545,7018.55363636364,6456.8103030303,6439.48121212121,5028.75727272727,6219.46545454545,3581.18212121212,2587.63696969697,4912.58878787879,6608.94454545455,8303.01454545455,7599.88878787879,9612.79757575758,9925.37303030303,10411.3706060606,9201.19484848485,10909.9681818182
"J평창동","주말","kgood",151923.909142857,4337.17828571429,3260.00228571429,4359.98942857143,5291.26371428571,6495.33942857143,5996.86657142857,7626.00514285714,7080.78657142857,6997.24057142857,5431.558,6760.93371428571,4088.25342857143,2935.212,5546.52028571429,6941.29685714286,8715.99028571429,7800.11057142857,10268.9111428571,10199.3025714286,10935.984,9586.93628571429,11268.228
"J평창동","주말","ratio",0.934467612953386,0.867496217522014,0.895032371156227,0.904632093323376,0.922130462213056,0.922044845890594,0.9435319907739,0.920344728974846,0.911877548898868,0.920288668995486,0.925840665372122,0.919912207008309,0.875968719596599,0.881584352236557,0.885706449236603,0.952119565186683,0.95261860939237,0.974330904451126,0.936106802564365,0.973142326231903,0.952028697743212,0.959763846787608,0.968206197267058
"J무악동","주중","kbad",25069.5701052632,691.811052631579,822.420842105263,993.847684210526,953.110421052632,1050.10442105263,1089.23389473684,1268.89863157895,1095.54115789474,1071.82736842105,912.841052631579,1311.00673684211,670.693368421053,532.85852631579,878.019684210526,1075.98336842105,1375.49852631579,1355.29757894737,1654.74652631579,1470.72252631579,1438.64431578947,1331.45094736842,2025.01147368421
"J무악동","주중","kgood",24351.1138372093,700.116395348837,853.48011627907,1016.12081395349,950.124418604651,1050.97965116279,1070.00825581395,1229.07488372093,1042.27709302326,1039.85395348837,834.755813953488,1182.02104651163,699.414651162791,535.589302325581,905.231279069767,1082.12802325581,1392.62627906977,1333.40104651163,1614.12244186047,1403.46546511628,1389.1711627907,1228.48023255814,1798.67151162791
"J무악동","주중","ratio",1.02950404128767,0.988137197225441,0.963608672795781,0.9780802347151,1.00314274887532,0.999167224494603,1.01796774820982,1.03240140074904,1.05110355511794,1.03074798612384,1.09354261135154,1.10912300649057,0.958935257226899,0.994901361924268,0.969939621521691,0.99432169327223,0.987701113348645,1.01642156535952,1.02516790758977,1.04792213479506,1.03561343218455,1.08381959439092,1.1258372974682
"J무악동","주말","kbad",20014.6497058824,733.848235294118,617.575294117647,761.216470588235,718.905588235294,810.532941176471,881.17,982.266764705882,869.107352941176,885.124705882353,755.007647058824,1033.12882352941,647.938235294118,479.983823529412,750.527941176471,824.882647058824,934.571176470588,931.979117647059,1205.30411764706,1158.80117647059,1186.38088235294,1166.76588235294,1679.63088235294
"J무악동","주말","kgood",19670.7968888889,760.495333333333,641.642222222222,777.047333333333,714.488444444444,827.376222222222,869.067333333333,971.582444444444,849.838444444444,874.122666666667,709.706444444444,978.559333333333,676.938666666667,500.834222222222,779.226666666667,821.667777777778,942.99,923.018666666667,1197.01733333333,1108.694,1153.62644444444,1074.94422222222,1517.91266666667
"J무악동","주말","ratio",1.01748037046672,0.964960865805161,0.962491670169049,0.979626900362443,1.00618224664821,0.979642536740405,1.01392604025311,1.01099682309261,1.02267361358232,1.01258637904637,1.06383090215538,1.05576513179859,0.957159440285261,0.958368662188665,0.963170247223492,1.00391261452377,0.991072202749327,1.00970776789678,1.00692286074977,1.04519477553824,1.02839258588968,1.08541992992055,1.10653986835844
"J교남동","주중","kbad",41509.700125,940.174625,1305.601,1723.6675,1684.995375,1857.94175,1786.025125,2036.798625,1717.6085,1646.265875,1383.358125,1678.670375,830.926875,771.293,1461.133,1823.302375,2403.786375,2381.9015,2946.930875,2710.7845,2670.8245,2464.896875,3282.813375
"J교남동","주중","kgood",41838.2964130435,999.325760869565,1353.86239130435,1798.22141304348,1747.01858695652,1923.2925,1847.22163043478,2063.76391304348,1717.46402173913,1661.49869565217,1347.02467391304,1596.04293478261,914.917608695652,799.07,1525.71913043478,1882.89815217391,2468.92869565217,2433.7302173913,2995.43543478261,2681.47184782609,2645.88630434783,2383.67010869565,3051.83239130435
"J교남동","주중","ratio",0.992146040441048,0.940808955211867,0.964352808960258,0.958540192824589,0.964497680551543,0.96602141899893,0.966871054113643,0.986933927920218,1.00008412302036,0.990831879259349,1.02697311473992,1.05177018638828,0.908198582148404,0.96523833956975,0.957668400987816,0.968348910903595,0.973615147020289,0.978704000541663,0.983807175671563,1.01093155320563,1.00942527107502,1.03407634555135,1.07568599912426
"J교남동","주말","kbad",31831.978,1029.5336,991.1828,1369.9508,1312.448,1431.3904,1344.6872,1507.1808,1335.23,1324.1768,1108.36,1338.7448,826.356,694.1924,1270.8824,1464.0688,1661.1808,1554.8908,1961.1648,1912.8984,1995.2224,1908.1284,2490.1076
"J교남동","주말","kgood",32034.5891489362,1098.92659574468,1048.90319148936,1423.12063829787,1346.50531914894,1471.28574468085,1386.6285106383,1529.07021276596,1330.45106382979,1333.18382978723,1083.96553191489,1316.33063829787,888.574042553191,728.266808510638,1318.37957446809,1506.14212765957,1697.26595744681,1562.50063829787,1972.9114893617,1884.99978723404,1942.46170212766,1839.82914893617,2324.88659574468
"J교남동","주말","ratio",0.993675238099849,0.936853838997629,0.94497071611785,0.962638558624611,0.974706881090925,0.972884026896145,0.969753030233749,0.985684494679704,1.00359196689013,0.993243970121756,1.02250483743889,1.01702775962969,0.929979900859565,0.953211641513193,0.963973065581475,0.972065499738094,0.978739243965577,0.995129705478929,0.994046012999041,1.01480032674534,1.02716176994097,1.03712260516327,1.07106626385895
"J가회동","주중","kbad",26168.8988636364,630.904659090909,780.235,1019.86136363636,1053.40386363636,1147.30920454545,1032.77534090909,1110.7625,865.215227272727,844.925227272727,647.415909090909,873.980340909091,771.959545454545,503.207386363636,1006.12034090909,1557.475,1925.46363636364,1735.00556818182,2067.95397727273,1755.77556818182,1558.39636363636,1405.45181818182,1875.30102272727
"J가회동","주중","kgood",27551.5314942529,719.830574712644,836.280229885057,1114.25827586207,1140.68172413793,1254.77816091954,1091.31275862069,1137.14609195402,855.570574712644,830.955517241379,625.767586206897,772.66816091954,880.595172413793,505.212068965517,1094.6124137931,1728.88988505747,2128.48770114943,1893.57137931034,2284.77195402299,1798.93333333333,1626.46482758621,1422.59931034483,1808.14379310345
"J가회동","주중","ratio",0.949816487301081,0.876462713941772,0.932982715742592,0.915282736264469,0.923486228757169,0.914352225978073,0.946360548569427,0.97679841478531,1.01127277263284,1.01681162197193,1.03459482939223,1.13111991034933,0.876633860413444,0.996031997798497,0.919156706274356,0.900852630037931,0.904615814939334,0.916260980250833,0.905103011979602,0.976009247062232,0.958149439941556,0.987946365474581,1.03714153148658
"J가회동","주말","kbad",18844.9222222222,581.287777777778,641.63,860.491111111111,757.166296296296,785.984814814815,775.184814814815,916.21,757.745555555556,730.634814814815,553.734814814815,704.693703703704,548.960740740741,468.83962962963,836.064074074074,904.281481481481,1042.71037037037,915.248148148148,1162.0062962963,1132.62407407407,1154.08074074074,1130.04481481481,1485.29814814815
"J가회동","주말","kgood",18835.4280952381,626.131666666667,657.563571428571,903.775476190476,817.483333333333,858.151428571429,824.606428571429,939.714047619048,729.975476190476,689.059761904762,515.767619047619,600.721666666667,571.460952380952,477.910238095238,865.235476190476,973.719285714286,1070.87,924.664047619048,1184.09666666667,1092.21880952381,1120.90523809524,1059.23761904762,1332.15928571429
"J가회동","주말","ratio",1.00050405687283,0.92837945870455,0.975768774121785,0.952107170177029,0.926216187440677,0.915904569573752,0.940066421938726,0.974988085281262,1.03804248261874,1.06033591744659,1.07361298841774,1.17307855335727,0.960626860774186,0.981020267526052,0.96628501382671,0.928688067237092,0.97370397001538,0.989816950821063,0.981344115736297,1.03699374539052,1.0295970627293,1.06684731970798,1.11495536913347
"J종로1,2,3,4가동","주중","kbad",618183.264,10201.5565333333,26890.4558666667,33828.0081333333,28935.4050666667,27118.6106666667,23423.4225333333,25000.27,20501.3070666667,19871.51,16889.8077333333,24584.5652,8052.66906666667,15496.3354666667,29295.7325333333,33395.4452,40767.2309333333,38026.5866666667,43236.2532,36873.2308,33235.9530666667,30976.8138666667,51582.0944
"J종로1,2,3,4가동","주중","kgood",663410.296744186,11931.311627907,28898.291627907,36490.3520930233,31300.0172093023,30059.5275581395,25342.023372093,26397.5720930233,21053.2004651163,21099.4526744186,16945.1746511628,23968.1205813953,9466.79546511628,16739.988372093,32176.8494186047,37345.9465116279,46438.6954651163,42943.1508139535,48417.9497674419,39053.4669767442,35664.806627907,31861.5852325581,49816.0181395349
"J종로1,2,3,4가동","주중","ratio",0.931826453453999,0.855023894394997,0.930520606993205,0.927039784299616,0.924453327714692,0.902163569078566,0.924291726410746,0.947067022372389,0.973785771936953,0.94180215509062,0.996732585000199,1.0257193556963,0.850622483219326,0.925707660137947,0.910459944421859,0.894218739096681,0.877872010077388,0.885509934550744,0.892979843377709,0.944173044148872,0.931897750446801,0.972230780124921,1.03545197561793
"J종로1,2,3,4가동","주말","kbad",426573.306071429,11956.6557142857,20332.2114285714,25649.1846428571,19173.5589285714,16742.2914285714,15216.4064285714,16798.4942857143,15264.8853571429,15895.2496428571,14060.8964285714,20831.0717857143,8900.08785714286,14070.9003571429,24734.6764285714,22042.8278571429,19722.9635714286,17217.1696428571,20659.365,20566.6657142857,22349.4082142857,23385.6732142857,41002.6621428571
"J종로1,2,3,4가동","주말","kgood",439133.010465116,13586.9723255814,21243.5318604651,26003.8523255814,19630.0139534884,18006.1769767442,15985.7527906977,17428.428372093,15472.3144186047,16513.778372093,13877.7104651163,19993.4002325581,10044.7427906977,14909.6072093023,25589.4753488372,22790.818372093,21109.7353488372,18361.9337209302,21976.9048837209,21037.9220930233,23283.3679069767,23523.0353488372,38763.5353488372
"J종로1,2,3,4가동","주말","ratio",0.971398860722438,0.880008836977894,0.957101274972563,0.986360956127437,0.9767470860694,0.929808223599872,0.951872997649886,0.963855944269341,0.986593533724187,0.962544687514933,1.01320001335347,1.04189740331372,0.886044375908274,0.943747220138959,0.966595684021923,0.96718018182857,0.934306529452297,0.937655581624924,0.94004888810813,0.977599670886992,0.959887259591377,0.994160526797904,1.0577637404295
"J종로5,6가동","주중","kbad",192221.719888889,3302.393,8849.051,10291.9716666667,8351.26055555555,8301.13266666667,7342.16622222222,8277.19933333333,7205.48322222222,7066.69533333333,5985.38622222222,8701.45611111111,2629.42233333333,5332.71533333333,9098.22588888889,9612.16677777778,11891.9167777778,10334.5501111111,11986.3194444444,10724.0548888889,10725.7672222222,10275.012,15937.3737777778
"J종로5,6가동","주중","kgood",204726.174117647,3673.09833333333,9686.66401960784,11129.9545098039,8848.58794117647,9051.64235294118,7862.95950980392,8800.63558823529,7502.86745098039,7549.8981372549,6120.06480392157,8666.14039215686,2919.25343137255,5894.04705882353,10014.6869607843,10568.0707843137,12895.1590196078,11092.0952941176,12886.96,11294.3225490196,11579.68,10716.2703921569,15973.1155882353
"J종로5,6가동","주중","ratio",0.938921076981723,0.899075576069068,0.913529258585583,0.924709230177077,0.943795847549118,0.917085799790726,0.933766250871272,0.940522903186482,0.960363923433125,0.935998765130723,0.977993928820321,1.00407513810718,0.900717390643626,0.90476293794603,0.908488295691706,0.909547917870232,0.922200087621674,0.931704050234019,0.930112256454932,0.949508466961551,0.926257653253132,0.958823510791608,0.997762377022812
"J종로5,6가동","주말","kbad",128856.001875,3683.0303125,6444.46125,7368.0953125,5388.66125,4866.873125,4378.9703125,5095.335,4857.035625,5288.6321875,4606.5634375,6711.41625,2736.241875,4581.21875,7044.8671875,6106.380625,5867.4228125,5006.410625,6126.4946875,6243.06125,7072.560625,7355.24875,12027.020625
"J종로5,6가동","주말","kgood",133327.488163265,4106.13204081633,6852.26714285714,7588.59897959184,5462.72102040816,5094.87857142857,4568.34326530612,5298.15387755102,4954.75081632653,5394.14653061224,4538.47714285714,6474.29775510204,3016.86857142857,4864.16387755102,7402.53346938775,6415.93,6266.47142857143,5287.30979591837,6554.90448979592,6520.38326530612,7449,7504.3212244898,11712.8348979592
"J종로5,6가동","주말","ratio",0.966462382589929,0.896958567306031,0.940485990351056,0.970942769846603,0.986442695841233,0.955248109796532,0.95854668929012,0.9617189530092,0.980278485246009,0.980439103292163,1.01500201334054,1.03662458908553,0.906980801521729,0.941830675389688,0.951683260417958,0.9517529999548,0.936320045400351,0.946872950184381,0.934642861240339,0.957468448705813,0.949464441535777,0.980135115484754,1.02682405496005
"J이화동","주중","kbad",109569.447943925,2964.24102803738,6358.42,6766.68345794393,5556.76130841122,5418.86915887851,4787.59775700935,5106.62112149533,4121.36280373832,4068.24644859813,3327.56981308411,4695.04336448598,2314.10112149533,3582.91289719626,5456.24962616822,5230.36560747664,5984.46242990654,5338.09990654206,6111.54495327103,5205.23794392523,5085.56551401869,4858.85018691589,7230.6414953271
"J이화동","주중","kgood",108385.012857143,2949.70682539683,6503.4019047619,6849.94301587302,5592.99111111111,5489.56619047619,4749.51142857143,5002.00523809524,3963.00412698413,3986.30968253968,3146.18888888889,4309.24650793651,2347.28793650794,3638.25111111111,5499.01126984127,5321.35777777778,6085.81746031746,5347.2673015873,6108.15,5052.44492063492,5085.41412698413,4704.07476190476,6654.06126984127
"J이화동","주중","ratio",1.01092803382644,1.0049273380376,0.977706759187719,0.987845218896543,0.993522284949118,0.987121563135474,1.00801899921933,1.02091478885375,1.0399592510328,1.02055454106271,1.05765099636446,1.08952768328267,0.985861634400941,0.984789886067554,0.992223757767589,0.982900572729552,0.98334569988801,0.998285592522647,1.0005558071218,1.03024140306137,1.0000297688705,1.03290241606374,1.08665087412091
"J이화동","주말","kbad",84209.8828947368,3081.41157894737,6221.24131578947,6468.65605263158,4497.04710526316,3841.42868421053,3304.69842105263,3564.32710526316,3021.55578947368,2960.10315789474,2350.13552631579,3118.80078947368,2083.56526315789,3803.59236842105,5627.1502631579,4420.52473684211,3859.49157894737,3153.02868421053,3672.34684210526,3421.94973684211,3507.80210526316,3420.21394736842,4810.81184210526
"J이화동","주말","kgood",81192.1112121212,3149.66181818182,6262.82303030303,6226.84696969697,4257.69363636364,3675.29424242424,3160.77090909091,3386.87818181818,2822.74121212121,2782.58,2165.25909090909,2845.9803030303,2168.32242424242,3771.47242424242,5516.54606060606,4264.39363636364,3759.85636363636,3059.50696969697,3571.46393939394,3215.78636363636,3390.64212121212,3271.17060606061,4466.42090909091
"J이화동","주말","ratio",1.03716828688851,0.978330931009651,0.993360547741432,1.03883331068057,1.05621669601948,1.04520303160182,1.04553557220733,1.05239306344042,1.07043315784626,1.06379804278574,1.08538305470366,1.09586169171757,0.960911181779554,1.00851655283813,1.02004953848599,1.03661273179546,1.02649973979715,1.0305675768808,1.02824693302894,1.06410978525719,1.03455392219606,1.0455626927656,1.07710669012707
"J혜화동","주중","kbad",100981.932477064,3222.1295412844,6449.5476146789,5339.50339449541,4093.8980733945,4166.29743119266,3853.90422018349,4410.60513761468,3589.59119266055,3654.5623853211,2985.54889908257,3816.18403669725,2939.25275229358,3734.73394495413,5060.5076146789,4508.91220183486,5214.65073394495,4901.66697247706,6068.99770642202,5546.60321100917,5511.16770642202,5155.46018348624,6758.20752293578
"J혜화동","주중","kgood",109610.19704918,3500.85918032787,6795.65131147541,5897.09032786885,4640.64196721312,4770.73672131148,4290.07049180328,4851.30508196721,3865.89475409836,3950.68983606557,3074.06721311475,3860.82852459016,3292.46016393443,3930.95803278689,5527.79819672131,5085.14524590164,5930.30262295082,5521.17508196721,6791.96918032787,5914.51524590164,5894.91032786885,5426.73540983607,6796.39213114754
"J혜화동","주중","ratio",0.921282282083256,0.92038250478348,0.94906982702128,0.905447109952113,0.88218356475646,0.873302735944596,0.898331211001511,0.909158476552905,0.928527914231268,0.925044115576691,0.971204821529424,0.988436552514941,0.892722343155468,0.950082375289659,0.915465332594888,0.886683070747843,0.879322871949869,0.887794156082184,0.893554953694453,0.937795065259591,0.934902721143586,0.950011340914441,0.994381635509705
"J혜화동","주말","kbad",85473.726,3324.5805,5577.0855,5176.247,3654.53825,3500.3985,3255.25225,3605.09,3013.691,3003.2725,2379.88575,3102.99625,2526.0475,3666.89575,5320.81075,4187.29025,3974.3605,3537.64725,4389.60575,4222.54525,4335.9635,4221.28425,5498.23775
"J혜화동","주말","kgood",88485.9742424242,3576.85757575758,5766.10939393939,5429.32393939394,3883.82606060606,3792.54121212121,3503.68090909091,3764.77545454545,3024.82636363636,3042.44060606061,2352.98454545455,3024.59848484848,2771.74454545455,3753.0896969697,5475.34696969697,4366.47121212121,4227.82272727273,3824.10606060606,4696.99484848485,4294.82363636364,4385.97212121212,4246.24515151515,5281.39272727273
"J혜화동","주말","ratio",0.965957901597245,0.929469633494103,0.967218122129616,0.953387025305735,0.94096341931176,0.92296913974527,0.92909495312592,0.957584334982673,0.99631867674448,0.987126090158479,1.01143280120451,1.02592005700732,0.911356533249981,0.977033869710257,0.971775995100905,0.958964355101252,0.940048993625561,0.925091300799157,0.934556219795726,0.983170813871921,0.988598053104291,0.994121653219611,1.04105830297518
"J창신1동","주중","kbad",70718.0389772727,1155.45443181818,2840.4,3097.46613636364,2633.78704545455,2808.0525,2539.99034090909,2893.60784090909,2634.70511363636,2747.91318181818,2399.84420454545,3648.43829545455,1058.84386363636,2025.01534090909,3178.05431818182,3305.52670454545,4109.71625,3658.38681818182,4276.23943181818,3982.79136363636,4250.69454545455,4272.35147727273,7200.75977272727
"J창신1동","주중","kgood",71904.3562,1277.9875,3035.4003,3240.5792,2712.7496,2996.5192,2659.0994,2975.018,2661.6251,2805.8786,2326.4552,3437.048,1190.3651,2140.5838,3314.427,3476.0109,4264.9719,3764.0582,4392.2953,4018.9965,4318.8887,4216.5509,6678.8478
"J창신1동","주중","ratio",0.983501455469157,0.90412029211411,0.935757962467092,0.955837196129518,0.970892059279834,0.937104791452696,0.955206992603996,0.972635406209001,0.989885883491392,0.979341437586851,1.03154541920492,1.06150344582169,0.889511851142447,0.946010775616022,0.958854824131537,0.95095406764848,0.963597497559128,0.97192620937206,0.973577398545627,0.990991498409208,0.984210254238445,1.01323370180892,1.07814401351192
"J창신1동","주말","kbad",55973.4446875,1418.4390625,2222.9571875,2479.9928125,1950.9309375,1967.8921875,1809.350625,2061.5184375,2042.0690625,2284.676875,2063.195625,3159.5653125,1187.921875,1804.0890625,2771.131875,2521.6415625,2628.7034375,2266.2546875,2802.3571875,2912.025,3393.935,3636.2278125,6588.5690625
"J창신1동","주말","kgood",55816.8238636364,1500.38363636364,2281.59340909091,2499.18363636364,1967.54363636364,2064.51022727273,1829.16454545455,2138.86659090909,2047.71454545455,2308.19295454545,1975.33181818182,2967.89431818182,1251.85863636364,1834.47022727273,2765.65386363636,2588.38090909091,2699.64954545455,2313.57204545455,2881.46636363636,2923.06772727273,3428.78568181818,3541.00772727273,6008.53181818182
"J창신1동","주말","ratio",1.00280597878959,0.945384252482092,0.974300319523507,0.992321162965216,0.991556630025071,0.953200503201012,0.989167775800278,0.963836849975661,0.99724303225414,0.989811909139076,1.04448053031366,1.06458147554108,0.948926532512203,0.983438725621677,1.00198072919958,0.974215793990557,0.973720252662425,0.979547921125902,0.972545514625918,0.996222212995718,0.989835852965969,1.0268906742264,1.09653560335039
"J창신2동","주중","kbad",19861.7917475728,408.556601941748,945.129223300971,981.410194174757,749.80640776699,745.066893203884,686.388446601942,815.059223300971,743.441650485437,749.616213592233,626.608155339806,1096.81194174757,377.591553398058,708.351262135922,1006.01106796117,934.751941747573,1109.61097087379,984.460873786408,1195.19844660194,1066.46097087379,1069.71883495146,999.641747572816,1862.09912621359
"J창신2동","주중","kgood",19859.4093548387,416.811290322581,947.698870967742,958.564838709677,734.710483870968,776.614838709677,705.065322580645,830.827419354839,752.066129032258,763.747419354839,625.592580645161,1023.30822580645,388.023548387097,699.11,995.637419354839,943.101451612903,1131.03193548387,1007.62,1219.93741935484,1073.39080645161,1096.87725806452,1008.80241935484,1760.86967741935
"J창신2동","주중","ratio",1.00011996291992,0.980195621921747,0.997288539909152,1.02383287446244,1.02054676532787,0.959377616891521,0.973510431756389,0.981021093326322,0.98853228697067,0.981497540411275,1.0016233803374,1.07182949778713,0.973115046670746,1.0132186095692,1.01041910278247,0.991146753245845,0.981060689854951,0.97701601177667,0.979721113263351,0.993543977145906,0.975240235027772,0.990919260693406,1.05748832528174
"J창신2동","주말","kbad",15614.2762857143,434.696285714286,740.656857142857,784.207714285714,554.854857142857,506.655714285714,479.742571428571,594.340857142857,590.618857142857,657.675714285714,566.505142857143,991.864571428571,357.830571428571,618.428285714286,876.183142857143,705.945714285714,677.296857142857,582.098,753.101428571429,764.250857142857,844.417714285714,852.402571428571,1680.502
"J창신2동","주말","kgood",15279.6347058824,445.980882352941,731.894705882353,757.668235294118,531.976764705882,526.411176470588,487.387647058824,593.860882352941,579.666176470588,650.504705882353,547.816176470588,924.040588235294,360.259117647059,607.553529411765,837.188823529412,686.924411764706,678.468235294118,587.287647058823,756.132058823529,753.543823529412,842.052647058824,831.269411764706,1561.74705882353
"J창신2동","주말","ratio",1.02190115053622,0.974697129215227,1.01197187408254,1.03502783640031,1.04300581144672,0.962471423351366,0.984314178505781,1.00080822765765,1.01889480724743,1.01102376099437,1.03411539707893,1.07339935502488,0.993258890338852,1.0178992562401,1.04657768741267,1.02769053216808,0.998273495957032,0.991163364179693,0.99599192995888,1.01420890634243,1.0028086928236,1.02542275628668,1.0760398045929
"J창신3동","주중","kbad",13707.7532432432,476.602522522523,891.77027027027,761.425135135135,618.549099099099,609.773333333333,510.213063063063,545.886576576577,452.042252252252,435.018288288288,345.186486486487,516.19045045045,370.168198198198,608.288648648649,775.423603603604,710.754054054054,844.568738738739,714.164054054054,799.61954954955,652.335585585586,628.540720720721,582.719099099099,858.513513513514
"J창신3동","주중","kgood",12671.0815384615,437.843538461538,812.079384615385,709.132923076923,580.126153846154,581.205692307692,484.786,507.056,418.155384615385,403.090615384615,308.016923076923,451.111230769231,343.663230769231,551.236153846154,716.679538461538,678.562153846154,797.099846153846,672.267076923077,738.983076923077,609.614461538462,595.724153846154,530.144307692308,744.503692307692
"J창신3동","주중","ratio",1.08181398735657,1.08852245301409,1.09813189100057,1.07374105806753,1.06623205142228,1.04915237652304,1.05245007707125,1.07658044984494,1.08103893644234,1.07920718489863,1.12067377025346,1.14426424181514,1.07712482760998,1.10349918887653,1.08196699080899,1.04744134347227,1.05955200319501,1.06232192318972,1.0820539394203,1.07007892158482,1.05508684961436,1.0991707175649,1.15313533348966
"J창신3동","주말","kbad",9999.23279069768,348.778604651163,533.533488372093,550.59488372093,425.910697674419,395.946046511628,353.615348837209,399.248372093023,345.525581395349,371.267674418605,291.059069767442,443.111860465116,299.806744186047,447.41488372093,620.379302325581,508.682790697674,531.032093023256,446.516744186047,536.388837209302,470.912093023256,487.684418604651,483.672790697674,708.150465116279
"J창신3동","주말","kgood",8874.69060606061,320.82696969697,495.502121212121,494.009696969697,374.026666666667,359.633939393939,327.899393939394,350.716363636364,295.700303030303,320.005454545455,250.28696969697,366.835454545455,267.266060606061,415.608484848485,560.940303030303,456.723636363636,465.897575757576,397.974242424242,474.847272727273,413.956363636364,439.825757575758,424.841212121212,601.366363636364
"J창신3동","주말","ratio",1.12671339594297,1.08712370715153,1.07675318738684,1.11454266403743,1.13871746490736,1.10096963367496,1.07842635690436,1.13837965230211,1.16849924688762,1.16019170656314,1.16290140920974,1.20793084467306,1.12175389387712,1.07652971494083,1.10596314612121,1.11376497776145,1.13980437043436,1.12197397868292,1.12960285973334,1.13758872767789,1.10881277461484,1.13847898202418,1.17756912913155
"J숭인1동","주중","kbad",28765.1886486486,674.729459459459,1438.11603603604,1333.09945945946,1096.66648648649,1171.6218018018,1028.79765765766,1156.59081081081,1023.3690990991,1007.10441441441,866.332882882883,1534.43648648649,584.230900900901,1005.32171171171,1360.82468468468,1332.46063063063,1636.34603603604,1458.7672972973,1691.96927927928,1499.75765765766,1567.02666666667,1521.89189189189,2775.7272972973
"J숭인1동","주중","kgood",31284.9656923077,769.070923076923,1607.52446153846,1481.08753846154,1219.60384615385,1303.02676923077,1137.41461538462,1259.42984615385,1102.77876923077,1093.80661538462,923.486307692308,1606.12553846154,665.478307692308,1098.51569230769,1507.52369230769,1480.50523076923,1817.86,1603.66261538462,1842.68138461538,1628.70630769231,1690.04569230769,1618.00353846154,2828.628
"J숭인1동","주중","ratio",0.919457254054825,0.877330606597348,0.894615335843602,0.900081477185474,0.899198940660071,0.899154053829192,0.904505396486198,0.91834476874032,0.927991295854325,0.920733519297912,0.938111237455978,0.955365225034825,0.87791126194158,0.915163723878897,0.902688754829157,0.900004000619653,0.900149646307216,0.909647255789793,0.918210436923927,0.920827561466649,0.927209645158737,0.940598617812027,0.981298105405623
"J숭인1동","주말","kbad",24355.1360465116,715.907674418605,1068.34604651163,1125.25674418605,856.193953488372,852.151395348837,776.05488372093,909.073953488372,873.087209302326,950.47023255814,838.403953488372,1494.24674418605,617.024651162791,882.69023255814,1238.61813953488,1070.30976744186,1094.84953488372,964.800930232558,1195.05744186047,1204.92558139535,1372.72860465116,1428.56627906977,2826.37209302326
"J숭인1동","주말","kgood",25220.8057575758,766.876060606061,1184.73545454545,1188.81060606061,903.102424242424,910.433333333333,807.362727272727,952.204848484849,898.105454545455,974.059090909091,842.399696969697,1501.25,660.971818181818,967.82,1316.75242424242,1130.76272727273,1158.35636363636,1006.84484848485,1246.50151515152,1230.66757575758,1404.76787878788,1434.42636363636,2733.59454545455
"J숭인1동","주말","ratio",0.96567636579953,0.93353764864276,0.901759158479408,0.946539960570204,0.948058526369917,0.935984397922788,0.961222084579561,0.954704184645661,0.972143309990483,0.975782928806777,0.995256713059491,0.995335050248824,0.933511284732357,0.912039669110103,0.940661370148991,0.946537891307514,0.945175050833856,0.958241909549857,0.958729233245419,0.979082901939315,0.977192478116483,0.995914684284148,1.03393976174081
"J숭인2동","주중","kbad",107894.1852,2073.9373,5051.3739,4998.0104,4150.4229,4248.5683,3785.5972,4227.7744,3848.3232,3941.3096,3555.1404,6013.2906,1932.22,3446.945,5024.324,5025.3169,6085.4955,5439.8939,6357.513,5828.8969,6104.1778,5981.1768,10774.4772
"J숭인2동","주중","kgood",110297.727464789,2267.76084507042,5373.31605633803,5179.83676056338,4261.04112676056,4478.2885915493,3964.31676056338,4349.02563380282,3848.75746478873,4028.51098591549,3444.45014084507,5771.26676056338,2075.46028169014,3610.71042253521,5295.01112676056,5308.30633802817,6439.94436619718,5661.26676056338,6570.02676056338,5916.60788732394,6232.52042253521,5978.59633802817,10242.7056338028
"J숭인2동","주중","ratio",0.978208596677062,0.914530870619912,0.940085013990888,0.964897279785395,0.974039624713817,0.948703553410384,0.954917941386202,0.97211990822487,0.999887167535833,0.978353941140941,1.03213582854411,1.04193599940492,0.930983848279913,0.954644542660326,0.948878837025945,0.946689316703359,0.944960880709209,0.960896938807853,0.967654049472219,0.985175460501302,0.979407588931252,1.0004316166916,1.05191709936896
"J숭인2동","주말","kbad",86797.33,2288.20861111111,3731.71388888889,4038.82555555556,3085.28444444444,2929.17972222222,2605.3175,3077.75444444444,3081.84027777778,3398.6625,3140.85722222222,5298.50472222222,1938.15833333333,2968.51194444444,4390.3625,3868.67472222222,3852.14805555556,3317.14277777778,4155.30833333333,4491.2725,5251.78305555556,5458.66111111111,10429.1577777778
"J숭인2동","주말","kgood",81981.2186111111,2287.88138888889,3678.23805555556,3858.57194444444,2923.22583333333,2834.32666666667,2490.37027777778,2946.05166666667,2898.24805555556,3207.23472222222,2813.83027777778,4761.75861111111,1933.30027777778,2936.00666666667,4252.44888888889,3758.28527777778,3720.46083333333,3187.99833333333,4025.4025,4227.63027777778,4958.50472222222,5043.19527777778,9238.24805555556
"J숭인2동","주말","ratio",1.05874652109936,1.00014302411996,1.01453843729678,1.04671510955514,1.05543827960986,1.03346581629813,1.04615667928899,1.04470484318654,1.0633459313016,1.05968623888093,1.11622127568501,1.11272014290239,1.00251283031994,1.01107125475797,1.03243157406817,1.02937228983046,1.03539540613958,1.04050957087842,1.03227151404942,1.06236170263233,1.05914652697999,1.08238146858283,1.12891077562115
"N월계1동","주중","kbad",81351.1161417323,2174.02866141732,3334.8011023622,2677.46181102362,2382.75622047244,3022.62125984252,3059.33653543307,3523.94921259843,3074.89291338583,2989.13181102362,2639.47488188976,4164.81157480315,2428.22921259843,3332.04551181102,3459.06787401575,3257.29677165354,4398.28133858268,4288.62748031496,5158.52543307087,4674.70464566929,4969.83236220472,4800.32196850394,7540.91755905512
"N월계1동","주중","kgood",86311.8898648649,2383.41445945946,3453.31094594595,2865.64810810811,2606.95256756757,3394.10378378378,3301.45527027027,3795.83608108108,3236.36094594595,3188.0077027027,2685.73986486487,4008.17391891892,2658.2627027027,3595.74378378378,3690.97756756757,3616.68486486486,4951.32608108108,4717.5377027027,5558.38851351351,4974.49121621622,5343.46459459459,5004.86108108108,7281.14810810811
"N월계1동","주중","ratio",0.942525024873173,0.912148809364183,0.965682255250467,0.934330284115475,0.914000603661035,0.890550629089152,0.926663027357212,0.928372336772451,0.950108150710945,0.937617499634496,0.982773840616381,1.03907955569116,0.913464726465748,0.926663775889151,0.937168490106903,0.900630520313594,0.888303712290011,0.909081760567167,0.928061329381618,0.939735229691499,0.930076783372377,0.959131910104293,1.03567699037158
"N월계1동","주말","kbad",72060.6465116279,2138.31186046512,2361.79325581395,2340.0588372093,2159.54046511628,2737.6523255814,2677.2011627907,3038.66139534884,2756.51558139535,2828.42255813953,2512.36395348837,3977.76255813954,2240.41139534884,2556.52651162791,3178.72162790698,2987.74255813954,3758.74813953488,3576.53186046512,4295.70976744186,4023.71720930233,4432.01953488372,4333.20162790698,7149.0323255814
"N월계1동","주말","kgood",77518.0463888889,2305.22722222222,2543.43944444444,2537.61805555556,2444.11611111111,3137.49361111111,2965.45722222222,3348.38722222222,2982.28472222222,3031.80444444444,2562.97861111111,3819.86416666667,2477.38611111111,2832.72361111111,3477.9225,3372.44055555556,4312.12083333333,4009.32833333333,4760.24916666667,4400.46611111111,4792.67777777778,4533.29027777778,6870.77027777778
"N월계1동","주말","ratio",0.92959833056315,0.927592664120893,0.928582459854802,0.922147772430236,0.883567051212857,0.87256028693932,0.902795407982478,0.907499997366544,0.924296584043577,0.932917214803352,0.980251626992394,1.04133612730283,0.90434485981033,0.902497688655595,0.913971380301596,0.885928901909837,0.871670411107037,0.892052624059254,0.902412797532173,0.914384319229843,0.924748072034736,0.955862378623395,1.04049939621815
"N월계2동","주중","kbad",56877.0583464567,2103.95291338583,1866.6042519685,1432.24503937008,1455.29787401575,2109.19,2259.52929133858,2631.71330708661,2265.02913385827,2248.22992125984,1910.41755905512,2646.91968503937,2009.62204724409,1775.15385826772,1790.94,2105.43826771654,2978.38937007874,3025.81842519685,3776.97622047244,3566.28291338583,3797.33929133858,3739.89251968504,5382.07645669291
"N월계2동","주중","kgood",63274.5371621622,2401.10135135135,2018.11756756757,1641.37256756757,1668.96202702703,2438.30445945946,2526.01797297297,2964.44554054054,2528.57216216216,2556.07608108108,2082.79986486486,2792.15027027027,2222.77135135135,1940.515,2034.90040540541,2448.05445945946,3486.50108108108,3448.78486486487,4253.4722972973,3961.99810810811,4233.69824324324,4058.05148648649,5567.87
"N월계2동","주중","ratio",0.898893313129896,0.876244941598035,0.924923444484118,0.87258984807611,0.871977822412242,0.865023230309631,0.894502460201917,0.887759033214267,0.89577397384675,0.879562990280385,0.917235300079621,0.947986114222698,0.904106509210823,0.914784919605216,0.880111869476579,0.860045518832708,0.854263142564468,0.877357835805572,0.887974801874782,0.900122316082771,0.896931966608375,0.921598095080624,0.966631127647182
"N월계2동","주말","kbad",51439.4609302326,1577.65953488372,1243.2976744186,1377.5011627907,1444.79,2079.48488372093,2096.48093023256,2310.61023255814,2019.12279069767,2089.82837209302,1802.29046511628,2495.57255813953,1588.6676744186,1303.02465116279,1845.22023255814,2135.58790697674,2865.50023255814,2864.69930232558,3450.69395348837,3225.13046511628,3361.68976744186,3342.35604651163,4920.25209302326
"N월계2동","주말","kgood",56275.4519444444,1671.15388888889,1395.71861111111,1551.01,1625.755,2308.92388888889,2293.06805555556,2574.88027777778,2230.10055555556,2333.55111111111,1936.34388888889,2615.2375,1691.07805555556,1444.61805555556,2046.77,2426.06416666667,3296.54277777778,3174.58916666667,3828.41555555556,3528.61055555556,3709.56777777778,3568.77444444444,5024.67861111111
"N월계2동","주말","ratio",0.914065709876732,0.944054012842988,0.890793935483051,0.888131709525211,0.88868864004724,0.900629463676964,0.914268952965999,0.897366084357245,0.90539540276231,0.895557145563424,0.930769826299019,0.954243183703023,0.939440772233718,0.901985577538478,0.901527886649765,0.880268517345513,0.869244061346534,0.902384262003114,0.901337355732176,0.913994450319413,0.90622141684002,0.936555699594497,0.979217274144273
"N월계3동","주중","kbad",106419.177464789,2252.94549295775,2749.34056338028,2941.58126760563,3139.93169014085,4257.55169014085,4359.52549295775,5058.61295774648,4308.14788732394,4194.44225352113,3454.54704225352,4585.30633802817,2193.69,2464.05028169014,3664.03197183099,4771.03394366197,6744.82985915493,6821.27521126761,7958.5914084507,7399.39281690141,7330.67366197183,6733.4976056338,9036.17802816901
"N월계3동","주중","kgood",108099.824907407,2430.53851851852,2951.08759259259,3132.50638888889,3247.95490740741,4413.19037037037,4330.66759259259,5131.15694444444,4306.68981481481,4226.78046296296,3269.5712962963,4233.41851851852,2335.34648148148,2696.06111111111,3927.50268518519,5034.90268518518,7053.38074074074,6961.91203703704,8213.68333333333,7431.92481481481,7561.3225,6774.07805555556,8436.14805555556
"N월계3동","주중","ratio",0.984452819936959,0.926932643030475,0.931636380526722,0.939050364921689,0.966741158560976,0.964733295605269,1.00666361473102,0.985862060450809,1.00033855990838,0.99234921006066,1.05657492349739,1.08312143436099,0.939342413382866,0.913944521337147,0.932916477855501,0.947592087072581,0.956254894932354,0.979799109063537,0.968943053374435,0.995622668592051,0.969496230582921,0.994009450498069,1.07112605998164
"N월계3동","주말","kbad",98479.5522222222,2588.44666666667,2328.52074074074,2954.9837037037,3319.76333333333,4374.23259259259,4167.91851851852,4609.68,3951.47777777778,3964.95481481481,3209.0937037037,4179.99333333333,2522.0262962963,2294.26111111111,3713.5237037037,4762.97592592593,6265.42666666667,5914.72592592593,6856.2937037037,6380.76740740741,6370.87,5843.72333333333,7905.89296296296
"N월계3동","주말","kgood",101042.2376,2855.2076,2485.981,3130.6902,3469.749,4574.2108,4224.8626,4767.3768,4023.3162,4054.334,3120.872,3947.3922,2751.2418,2475.614,3961.8188,4987.8964,6481.8782,6043.2248,7182.8968,6451.2428,6617.5762,5950.4784,7484.377
"N월계3동","주말","ratio",0.974637483901309,0.906570389721107,0.936660714921289,0.943876115146655,0.956773338167497,0.95628137483139,0.986521672567178,0.966921683220005,0.98214447519133,0.977954656625432,1.02826828646087,1.05892526547865,0.916686529077995,0.926744278837941,0.937328002912123,0.954906747045894,0.966606664510707,0.978736704602802,0.954530448454126,0.989075687464035,0.962719552817541,0.982059414472176,1.05631944555478
"N공릉1동","주중","kbad",186736.677014925,4553.0528358209,8227.07701492537,7196.35776119403,6518.27925373134,7586.29029850746,6959.06820895522,8362.6476119403,7261.3171641791,7280.09328358209,5884.5052238806,7620.80089552239,4205.29910447761,5941.11910447761,8023.30298507463,8376.82805970149,11265.823880597,10802.6305970149,12351.4476119403,11520.4805970149,11467.0607462687,10883.4171641791,14449.7776119403
"N공릉1동","주중","kgood",205825.967876106,5509.21318584071,9391.49292035398,7647.51849557522,7042.80601769911,8406.4782300885,7763.26398230088,9366.28752212389,7934.66,8049.25309734513,6072.80654867257,7520.00256637168,5094.91672566372,6987.4996460177,8906.79371681416,9447.11238938053,12841.5130973451,11965.4095575221,13824.5731858407,12658.1555752212,12982.3284955752,11948.8515044248,14465.0314159292
"N공릉1동","주중","ratio",0.907255187194498,0.826443392592385,0.876013758908874,0.941005604021458,0.925523042570022,0.902433824351627,0.89641009565318,0.892845494245941,0.915139043661493,0.904443331019529,0.968992701598056,1.01340402855731,0.825391136089626,0.850249646576163,0.900807096264991,0.886707780582547,0.877297230878978,0.902821633065104,0.893441515040103,0.910123163564734,0.883282282540993,0.910833744996234,0.998945470386459
"N공릉1동","주말","kbad",164074.3072,4533.1208,5882.0172,6227.5904,5971.4452,7013.4052,6190.928,7201.9148,6506.7576,6651.9968,5372.3448,6647.9284,4415.3332,5202.3744,7503.4776,7851.3168,9595.9984,8749.3108,10100.3824,9790.0628,10250.956,9741.5464,12674.0992
"N공릉1동","주말","kgood",184565.0388,5818.053,6692.9462,6868.4338,6696.241,7972.748,7055.948,8254.7364,7314.0932,7569.6062,5740.708,6962.1506,5497.7664,6078.7456,8368.8606,8888.215,10998.9794,9836.1898,11626.6898,10904.2394,11589.3074,10806.8948,13023.4862
"N공릉1동","주말","ratio",0.88897826081675,0.779147388310144,0.878838261093448,0.906697302666002,0.891760795347718,0.879672253531656,0.877405559111263,0.872458483350238,0.889619180679841,0.878777128458809,0.935833141138689,0.954867077997422,0.803114006444508,0.855830255505346,0.896594884135124,0.883340108221955,0.872444437890301,0.889502030552521,0.868723821977258,0.897821704097949,0.8845184311877,0.901419564110127,0.973172544230131
"N공릉2동","주중","kbad",188205.94734375,8445.3984375,13751.51703125,5289.103125,4791.86453125,6789.74203125,7294.69421875,8426.66546875,6852.89828125,6666.82625,5097.22828125,6134.32109375,7647.70328125,12604.04453125,7537.84984375,6715.29703125,9626.3621875,9672.11625,11457.65453125,10590.670625,10484.77546875,10032.14421875,12297.070625
"N공릉2동","주중","kgood",178479.705258621,7220.94077586207,11444.5206034483,5020.22629310345,4914.85689655172,6865.68732758621,7201.37793103448,8200.32646551724,6687.26215517241,6615.66344827586,4720.88172413793,5524.11956896552,6851.85370689655,9986.38862068965,7226.24293103448,6781.48387931034,9891.28456896552,9619.58353448276,11355.2435344828,10439.9322413793,10555.5707758621,10094.7507758621,11261.5075
"N공릉2동","주중","ratio",1.05449494703634,1.16957037865911,1.20158087068379,1.05355870755586,0.974975392388736,0.988938427762205,1.01295811560082,1.02760121858374,1.02476889977305,1.0077335859244,1.07971954797931,1.11046131734957,1.11615098751341,1.26212237576426,1.04312156617061,0.990240064086523,0.973216584800651,1.00546101765517,1.00901882874253,1.01443863620333,0.993293085839189,0.993798107699521,1.09195599479022
"N공릉2동","주말","kbad",156639.116086957,6568.05869565217,5619.23434782609,4296.61130434783,4539.46695652174,6698.79826086957,6916.26,7727.98130434783,6352.75913043478,5992.99347826087,4585.64913043478,5623.96217391304,6491.71130434783,7235.98434782609,5801.20347826087,6081.30695652174,8610.44391304348,8680.63304347826,10481.6482608696,9817.54869565217,9408.83695652174,8637.32869565217,10470.6956521739
"N공릉2동","주말","kgood",160497.134680851,6591.95085106383,5690.20723404255,4554.24723404255,5000.95553191489,7000.94638297872,6983.88489361702,7937.53,6448.32319148936,6309.0785106383,4602.77808510638,5413.1670212766,6718.19872340426,6854.34808510638,6066.09531914894,6516.66510638298,9131.20978723404,8887.33212765957,11080.8361702128,10079.4010638298,9795.06872340426,8917.38510638298,9917.52553191489
"N공릉2동","주말","ratio",0.975962071836571,0.996375556197025,0.98752718779874,0.943429524912718,0.907719920233634,0.956841817437173,0.990317009136444,0.973600264105815,0.98518001374672,0.949899968459031,0.99627856169581,1.03894118762785,0.966287478477317,1.05567798103936,0.956332397209144,0.933193106787886,0.942968578498917,0.976742279773925,0.945925749633054,0.974021038897115,0.960568753748541,0.968594334842583,1.05577703011491
"N하계1동","주중","kbad",87216.206039604,2895.6703960396,3321.76940594059,2492.92554455446,2247.86326732673,3047.82237623762,3831.45386138614,5056.12079207921,4310.89920792079,3940.31465346535,3025.14633663366,3456.7901980198,3439.77633663366,3171.03366336634,3154.91821782178,2973.62198019802,3949.40712871287,4219.84356435644,5803.32613861386,5619.5602970297,5451.13643564356,5258.2099009901,6548.59633663366
"N하계1동","주중","kgood",99592.6033333333,3523.40404761905,3964.49285714286,2871.7480952381,2721.08107142857,3763.73702380952,4546.65845238095,5980.82607142857,4837.61416666667,4552.76857142857,3284.42857142857,3714.14285714286,4153.21285714286,3642.99547619048,3609.99297619048,3452.7694047619,4627.36059523809,4851.27845238095,6561.01797619048,6221.16190476191,6192.85047619048,5792.60392857143,6726.4575
"N하계1동","주중","ratio",0.875729754223755,0.821838868578346,0.8378800329923,0.868086427457965,0.826091986354012,0.809786219642074,0.842696653270649,0.845388368043866,0.891120924364912,0.865476597732916,0.921057124806909,0.930710080623817,0.828220574035304,0.870446774938717,0.873940264878598,0.861228084359452,0.85349024512529,0.869841549145748,0.884516116199311,0.9032975484416,0.88023059116338,0.907745457108592,0.973557974109502
"N하계1동","주말","kbad",73991.9997368421,2690.56,2209.34947368421,2099.44552631579,2055.48105263158,2779.28131578947,3416.94763157895,4411.42947368421,3649.85842105263,3329.12473684211,2564.99368421053,2836.38,2757.655,2281.47578947368,2739.65157894737,2763.91078947368,3424.27710526316,3704.10921052632,5204.6052631579,4935.63631578947,4615.85447368421,4299.69052631579,5222.28236842105
"N하계1동","주말","kgood",85893.63675,3249.49075,2616.7835,2493.4995,2496.65675,3446.45225,4066.7945,5192.19875,4079.6655,3795.07925,2713.02625,3000.327,3386.742,2728.92725,3196.2915,3300.429,4147.4905,4407.35675,6147.91525,5598.87175,5401.69275,4877.89625,5550.04975
"N하계1동","주말","ratio",0.86143750033779,0.827994355730971,0.844299680766181,0.841967494405268,0.823293411331605,0.806418053750628,0.840206612745972,0.849626465798177,0.894646490270497,0.877221401066158,0.945436368044919,0.945356956091786,0.814250096405336,0.836033935852883,0.857134456900245,0.837439856901537,0.825626268526271,0.840437799941272,0.846564250077763,0.881541234765643,0.854519997214616,0.881464120175945,0.94094334351166
"N하계2동","주중","kbad",68240.1332467532,1880.02805194805,2265.41090909091,2384.3774025974,2129.04012987013,2644.07428571429,2904.95285714286,3615.71298701299,3044.59831168831,2926.00623376623,2296.5161038961,2893.84649350649,1834.01675324675,1873.1187012987,2487.68116883117,2778.46805194805,3694.2374025974,3816.91415584416,4739.81935064935,4380.98844155844,4284.25987012987,4007.70987012987,5358.35571428571
"N하계2동","주중","kgood",72943.572020202,2142.22090909091,2464.64161616162,2535.02323232323,2350.79090909091,3016.16838383838,3155.14171717172,3961.26888888889,3261.22868686869,3206.51242424242,2350.14,2854.79696969697,2045.24131313131,2055.75131313131,2710.90727272727,3022.62535353535,4061.3595959596,4085.14101010101,5060.59414141414,4557.11616161616,4540.80090909091,4232.6797979798,5273.42141414141
"N하계2동","주중","ratio",0.935519489336961,0.87760699373711,0.919164431143143,0.940574181804334,0.905669713812815,0.876633512864235,0.920704398579874,0.91276636058583,0.933574000482506,0.912519849180855,0.977182680136547,1.0136785642636,0.896723893396633,0.911160162872801,0.917656311544906,0.919223432271642,0.90960608518206,0.934340857856894,0.93661321540495,0.961351057596202,0.943503129932997,0.946849292035437,1.01610610900857
"N하계2동","주말","kbad",61978.2234482759,2017.94448275862,1876.88103448276,2131.03034482759,2007.40586206897,2505.91068965517,2623.80103448276,3189.97,2735.43620689655,2685.11137931035,2111.81482758621,2500.19310344828,1926.65344827586,1723.28620689655,2537.53965517241,2733.08344827586,3264.42965517241,3243.20275862069,4117.00517241379,3841.3924137931,3863.80137931035,3618.84275862069,4723.4875862069
"N하계2동","주말","kgood",66106.3915217391,2274.15608695652,2016.40239130435,2286.73782608696,2215.57913043478,2803.89347826087,2873.08695652174,3492.38043478261,2872.83891304348,2877.04717391304,2099.4852173913,2452.17543478261,2184.55086956522,1861.6952173913,2712.73086956522,2927.74782608696,3587.25826086957,3521.73543478261,4478.25239130435,4036.4952173913,4080.87826086957,3819.75086956522,4631.51326086956
"N하계2동","주말","ratio",0.937552663540775,0.887337722477622,0.930806788653262,0.931908468262925,0.906041149464625,0.893725353364521,0.913234118628705,0.913408507340515,0.952171802768655,0.93328722714628,1.0058726825475,1.01958166124029,0.881944877145075,0.925654312692118,0.935418873888923,0.933510538005839,0.910006868136978,0.920910391674804,0.919332992577192,0.951665295487631,0.946806332440565,0.947402823428797,1.01985837460823
"N중계본동","주중","kbad",37371.489537037,2980.40222222222,945.785555555556,828.431018518518,685.661203703704,1129.68398148148,2140.96074074074,2780.59351851852,1924.37712962963,1426.29231481481,1024.80055555556,1176.93888888889,2459.55444444444,870.935648148148,942.169444444444,844.558703703704,1271.54898148148,1712.50740740741,2751.8775,2491.15462962963,2269.90074074074,2165.53518518519,2547.81972222222
"N중계본동","주중","kgood",34222.6661290323,2343.98258064516,700.932795698925,669.757849462366,648.264946236559,1103.09720430108,1847.96010752688,2544.26838709677,1752.77172043011,1369.92559139785,912.966774193548,1023.81075268817,1764.62032258065,682.513333333333,844.024623655914,835.364623655914,1374.96580645161,1723.28182795699,2762.55827956989,2493.2535483871,2348.14150537634,2165.55333333333,2310.65021505376
"N중계본동","주중","ratio",1.09200988012251,1.27151210372984,1.34932415968992,1.23691124961585,1.05768668764869,1.02410193505771,1.15855354886745,1.09288529960922,1.09790516768345,1.04114582848215,1.12249490838349,1.1495668372291,1.39381509606979,1.27607125840982,1.1162819401683,1.01100606823348,0.924785893231032,0.993747731581227,0.99613373601966,0.999158160725842,0.966679706288372,0.999991619625401,1.10264189085103
"N중계본동","주말","kbad",39126.8325,2907.6185,1064.83025,888.20425,705.37075,1100.902,2101.79225,2807.3295,1825.45475,1370.78375,989.63025,1112.546,2839.2775,979.3455,1078.5175,916.05325,1272.43675,1915.92325,3298.094,2965.24775,2455.06475,2110.4505,2421.9595
"N중계본동","주말","kgood",36751.6971428571,2184.48714285714,784.925476190476,750.342142857143,708.846904761905,1154.81714285714,1939.79357142857,2675.63666666667,1751.57738095238,1392.46928571429,932.988095238095,1021.495,2180.08,795.750238095238,1001.55357142857,913.655952380952,1418.09142857143,1949.31904761905,3350.22571428571,2926.63404761905,2558.12547619048,2173.97595238095,2186.9069047619
"N중계본동","주말","ratio",1.06462654902467,1.33103026470417,1.3566004446282,1.18373232591989,0.995096042969854,0.953312831221269,1.08351335985309,1.04921925124363,1.04217762221127,0.984426560832068,1.0607104796417,1.08913504226648,1.30237307805218,1.23071970715865,1.07684454508175,1.00262385158527,0.897288231466035,0.982867967324365,0.984439342679683,1.01319389501819,0.959712403809076,0.970779137500864,1.10748175641417
"N중계1동","주중","kbad",46256.8558333333,2925.78944444444,1146.54527777778,1082.84722222222,957.809074074074,1640.08490740741,2702.69222222222,3485.0212037037,2265.13018518519,1837.77546296296,1331.1287962963,1497.13574074074,2801.23722222222,1007.31111111111,1174.9537962963,1151.90861111111,1690.09953703704,2264.8312962963,3458.1662037037,3089.36351851852,2713.09305555556,2663.98796296296,3369.94398148148
"N중계1동","주중","kgood",47132.5406451613,2695.07666666667,1165.26397849462,1083.97279569892,1027.68548387097,1762.76913978495,2700.81870967742,3555.31537634409,2310.40344086022,1935.47924731183,1311.81311827957,1517.01903225806,2606.12376344086,1007.87279569892,1241.86440860215,1245.43010752688,1835.42182795699,2396.99623655914,3627.37666666667,3202.32537634409,2858.37172043011,2765.49010752688,3279.65064516129
"N중계1동","주중","ratio",0.981420801852788,1.08560527447374,0.983936085674743,0.998961622024862,0.932006035996839,0.930402552660693,1.00069368319247,0.980228428367256,0.980404610348843,0.949519590827665,1.01472441291185,0.986893182554389,1.0748673035097,0.999442702898411,0.946120839084865,0.924908273976545,0.920823492067918,0.944862266261809,0.953351835634302,0.964725053031766,0.949174327524941,0.963296869409275,1.02753138858049
"N중계1동","주말","kbad",48094.6065,3134.124,1165.66825,1118.04225,1024.997,1694.58525,2732.0085,3513.616,2089.27375,1633.95525,1160.9785,1357.1285,3108.56725,1099.19975,1316.72775,1287.397,1862.85575,2609.31175,4268.31475,3547.70175,2740.969,2493.28525,3135.89925
"N중계1동","주말","kgood",49435.9685714286,3034.81357142857,1160.895,1132.66547619048,1091.23880952381,1824.55976190476,2759.68523809524,3660.3819047619,2132.45428571429,1709.425,1133.93261904762,1355.06761904762,3083.69547619048,1100.3269047619,1395.77380952381,1382.85952380952,2028.04571428571,2761.44428571429,4488.41214285714,3620.2230952381,2925.75976190476,2608.99476190476,3045.31380952381
"N중계1동","주말","ratio",0.972866677639976,1.03272373285344,1.00411169830174,0.987089545414892,0.939296688364011,0.928763905343898,0.989971052599339,0.95990420983915,0.979750780120559,0.95585079778288,1.02385140042545,1.00152086945582,1.00806557391985,0.998975618284869,0.943367572177918,0.930967302053543,0.918547218574955,0.944908345063737,0.950963194588223,0.979967713776124,0.936840076785916,0.955649772243971,1.02974584760129
"N중계4동","주중","kbad",43502.4563953488,1704.43325581395,1119.92465116279,1053.06,993.356627906977,1555.22488372093,1952.45918604651,2633.69976744186,2145.2338372093,2013.33441860465,1523.2911627907,2037.78011627907,2550.90209302326,1002.36430232558,1244.60813953488,1256.59546511628,1885.52755813953,2089.96895348837,3005.74395348837,2810.47720930233,2795.18139534884,2611.41744186047,3517.87197674419
"N중계4동","주중","kgood",43241.8436470588,1773.61352941176,1121.424,1071.30964705882,1056.25023529412,1590.46270588235,1968.40458823529,2614.79635294118,2104.71094117647,2028.67223529412,1470.33341176471,1906.07435294118,2757.18541176471,999.209176470588,1256.82952941176,1276.06588235294,1908.51270588235,2090.29576470588,2997.73352941176,2718.15670588235,2768.25929411765,2553.83611764706,3209.70752941176
"N중계4동","주중","ratio",1.00602686486768,0.960994730559619,0.998662995586674,0.98296510527192,0.940455769584157,0.977844295228618,0.991899326853796,1.00722940219777,1.01925342584582,0.992439480157206,1.03601751181212,1.06909791485031,0.925183370744218,1.00315762297754,0.990276016284722,0.98474184013073,0.987956513115174,0.999843653121712,1.00267216014966,1.03396437858795,1.00972528161954,1.02254699266547,1.09601013316902
"N중계4동","주말","kbad",42168.0636363636,1560.80515151515,1054.30121212121,1084.95424242424,991.700303030303,1516.10484848485,1819.16787878788,2424.99454545455,1974.43090909091,1931.13666666667,1482.06272727273,1950.29818181818,1722.57454545455,995.632121212121,1349.0803030303,1339.33515151515,1883.20121212121,2103.49242424242,3120.41787878788,2944.63757575758,2930.49151515152,2619.42242424242,3369.82181818182
"N중계4동","주말","kgood",40321.6783783784,1531.40513513514,1001.31405405405,1041.84108108108,989.967567567568,1495.81108108108,1752.91189189189,2332.81486486486,1858.45648648649,1848.02621621622,1365.37081081081,1711.91324324324,1686.37324324324,968.316216216216,1324.12675675676,1310.11405405405,1851.15567567568,2089.87,3046.73945945946,2776.35702702703,2849.12027027027,2469.30810810811,3020.36513513514
"N중계4동","주말","ratio",1.04579137903583,1.01919806568849,1.05291762145216,1.04138170602605,1.00175029518087,1.01356706582833,1.03779767095109,1.03951435751633,1.06240362550736,1.04497254948072,1.08546536628582,1.13925059550525,1.0214669571854,1.02820969486873,1.01884528512562,1.02230423936807,1.01731109753038,1.00651831178132,1.02418271083196,1.06061199877839,1.02856012985142,1.06079205573472,1.11570014465521
"N중계2,3동","주중","kbad",97233.6624347826,3189.50713043478,3265.82095652174,3455.19339130435,3139.97739130435,4241.53765217391,4681.65956521739,5718.12886956522,4622.36347826087,4264.7247826087,3314.34617391304,4299.65173913044,2900.5072173913,2656.78695652174,3378.79469565217,3597.37452173913,4888.11130434783,5002.30626086957,6344.24452173913,5615.28660869565,5483.15843478261,5410.57382608696,7763.60695652174
"N중계2,3동","주중","kgood",101496.198888889,3413.94259259259,3663.00382716049,3646.36728395062,3333.14950617284,4579.77962962963,4931.40049382716,6066.78049382716,4766.85456790123,4529.42728395062,3319.02864197531,4232.90135802469,3085.56086419753,2959.49049382716,3637.61925925926,3856.78074074074,5221.08518518518,5188.55950617284,6558.54197530864,5747.89320987654,5709.17320987654,5587.4350617284,7461.4237037037
"N중계2,3동","주중","ratio",0.958002994193185,0.934259157536867,0.891569081174931,0.947571410733166,0.942045169437871,0.926144486239599,0.949356997282541,0.94253103031885,0.969688378870769,0.941559388252052,0.998589205286436,1.01576941569385,0.940025928850263,0.897717685548646,0.928847813594491,0.932740221329826,0.936225158367044,0.964103091603423,0.967325443006039,0.976929529422531,0.960411995435181,0.968346614557928,1.04049940933766
"N중계2,3동","주말","kbad",92402.0436585366,3630.8412195122,2835.38365853659,3139.61585365854,3017.47024390244,4110.56658536585,4487.14341463415,5227.47512195122,4064.84731707317,3812.09390243902,3015.45195121951,3773.58390243902,3345.43951219512,2582.92195121951,3464.5143902439,3630.33341463415,4731.7356097561,4843.48073170732,6142.03341463415,5350.37512195122,5160.03219512195,5027.03073170732,7009.67341463415
"N중계2,3동","주말","kgood",95533.417027027,3785.31891891892,3097.90891891892,3368.11432432432,3225.7,4313.11351351351,4595.99243243243,5402.15810810811,4163.78864864865,3986.69648648649,2970.67567567568,3676.52972972973,3518.37027027027,2794.5572972973,3746.82216216216,3878.59162162162,5002.70648648649,4967.72945945946,6329.11702702703,5439.34756756757,5343.93972972973,5190.7372972973,6735.50135135135
"N중계2,3동","주말","ratio",0.967222219554812,0.959190307946142,0.915257269579782,0.932158338861723,0.935446645349053,0.953039277191974,0.976316536765776,0.967664221842247,0.976237667200618,0.956203692796955,1.01507275799592,1.02639831032087,0.950849187325055,0.924268739709698,0.924654077588953,0.935992692398051,0.945835143944114,0.974988829652237,0.97044080373392,0.983642809268734,0.96558577680346,0.9684617894889,1.04070551678054
"N상계1동","주중","kbad",127533.0775,2792.56375,3421.64305555556,3719.24486111111,3868.30638888889,5145.24708333333,5031.11916666667,6134.11208333333,5624.94027777778,5653.86402777778,4454.03930555556,5204.33069444444,2727.82041666667,2792.50972222222,4259.18833333333,5333.9575,7794.4375,7507.985,9272.18222222222,8960.47263888889,8965.53402777778,8373.26236111111,10496.3170833333
"N상계1동","주중","kgood",136739.705789474,3062.88431578947,3912.81863157895,4105.102,4291.76410526316,5774.21526315789,5495.80568421053,6778.16452631579,6064.79210526316,6120.696,4637.71431578947,5307.96347368421,3007.20663157895,3187.90926315789,4786.0072631579,5860.17189473684,8541.94557894737,7992.22968421053,9867.49021052632,9359.73494736842,9546.88410526316,8726.92431578947,10311.2814736842
"N상계1동","주중","ratio",0.932670410278282,0.911743135581078,0.874470139745479,0.906005468587897,0.901332481005895,0.8910729595002,0.915447061951461,0.904981290955396,0.927474541608167,0.923728939940454,0.960395359065439,0.980475981088876,0.907094440409109,0.875969010314931,0.88992517126333,0.910204955726734,0.912489716536044,0.939410564592857,0.939669766515802,0.957342562505812,0.939105778275355,0.959474616499367,1.01794496737591
"N상계1동","주말","kbad",131733.572307692,3815.28230769231,2924.50307692308,3865.27384615385,4347.71423076923,5691.62615384615,5317.15,6283.98307692308,5973.90769230769,6133.62461538462,4865.91846153846,5489.88653846154,3800.55269230769,2730.91115384615,4487.42,5552.37538461538,7680.55692307692,7014.58692307692,8668.47076923077,8806.14961538461,9258.36461538461,8528.26115384615,10497.0530769231
"N상계1동","주말","kgood",139734.039512195,4151.10317073171,3252.64829268293,4224.76951219512,4730.95097560976,6234.93512195122,5621.12975609756,6863.72829268293,6351.25829268293,6535.47731707317,4922.75536585366,5397.0712195122,4150.68512195122,3021.17073170732,4930.27975609756,5990.6743902439,8354.80804878049,7508.17097560976,9321.85829268293,9222.57878048781,9790.81219512195,8807.68902439024,10349.4848780488
"N상계1동","주말","ratio",0.942745037412272,0.919100815077982,0.89911444883296,0.914907626320545,0.918993718849278,0.912860525814896,0.945921946425838,0.915534940918642,0.940586481766933,0.938512111328309,0.988454249685158,1.01719734929822,0.915644666035536,0.903924801463593,0.910175532017255,0.926836449942546,0.919297831647732,0.934260413869605,0.929908018022005,0.954846776046605,0.945617629148007,0.968274553089886,1.01425850664194
"N상계2동","주중","kbad",99217.4103797468,3371.25772151899,4291.76734177215,3936.55962025316,3342.75632911392,3994.7253164557,4187.11367088608,5467.39886075949,4742.78974683544,4386.10772151899,3459.96683544304,4317.46873417722,3021.43025316456,3541.75873417722,4053.59126582278,3760.53670886076,4718.05708860759,4509.32772151899,5850.20303797468,5486.4470886076,5627.63050632911,5519.23405063291,7631.28202531646
"N상계2동","주중","kgood",107476.588045977,3692.89333333333,4574.21206896552,4210.95195402299,3649.75747126437,4458.68862068966,4628.8067816092,6007.48563218391,5082.93551724138,4771.43827586207,3597.53804597701,4347.08344827586,3330.12632183908,3787.22114942529,4377.09149425287,4137.59022988506,5307.07666666667,5046.82816091954,6503.06689655172,5987.60172413793,6289.42942528736,5981.91068965517,7706.85413793103
"N상계2동","주중","ratio",0.923153704296074,0.912904169500063,0.938252813176359,0.934838407855098,0.915884508883794,0.895941756937,0.904577328118767,0.910097700686789,0.93308084093293,0.919242263639371,0.961759623171237,0.993187452127151,0.907301994326736,0.935186669707598,0.926092422592755,0.908871226952126,0.889012423400879,0.893497376518043,0.899606774932113,0.916301274096101,0.894776000459214,0.922654037643459,0.990194168559304
"N상계2동","주말","kbad",100026.229090909,4282.24939393939,4184.47090909091,4239.19545454545,3455.65787878788,3974.00424242424,4023.31787878788,5031.31818181818,4262.64878787879,4086.41787878788,3283.34,4050.89575757576,3773.85333333333,3858.84515151515,4814.58121212121,4231.21121212121,4740.72,4362.27333333333,5656.00151515152,5373.7603030303,5542.63575757576,5441.15727272727,7357.67363636364
"N상계2동","주말","kgood",104569.62,4473.58891891892,4300.25972972973,4290.79810810811,3618.27702702703,4231.02189189189,4212.79135135135,5304.05513513514,4476.92513513513,4286.35324324324,3321.95756756757,4012.84648648649,4003.87891891892,4009.8172972973,4948.18648648649,4506.64216216216,5125.15891891892,4638.02783783784,6101.18189189189,5706.22378378378,5946.3572972973,5758.96756756757,7296.30324324324
"N상계2동","주말","ratio",0.956551521282272,0.95722907749294,0.973073993685005,0.987973646798916,0.955056191932113,0.939254001507252,0.955024244791356,0.948579540301101,0.952137607668554,0.953355369212621,0.988375056940946,1.00948186560772,0.942549315240608,0.962349370410491,0.972999143275996,0.938883332616583,0.92498985397315,0.940544879387128,0.927033747783852,0.941736690786946,0.932106074435682,0.944814710082743,1.00841116262228
"N상계3,4동","주중","kbad",56954.6313043478,1587.76652173913,1433.29139130435,1405.04756521739,1373.04904347826,1929.66991304348,2230.62495652174,3020.13330434783,2746.20391304348,2815.23104347826,2293.61782608696,3189.89756521739,1646.13504347826,1210.83973913043,1685.36695652174,1795.7947826087,2780.6207826087,2942.98704347826,3928.71373913043,3891.30713043478,4142.69495652174,3743.23886956522,5162.3992173913
"N상계3,4동","주중","kgood",62495.64,1807.261,1697.43366666667,1544.63555555556,1576.08244444444,2261.06055555556,2491.14333333333,3285.74988888889,2997.10955555556,3152.69911111111,2427.12022222222,3306.43933333333,1908.05655555556,1376.423,1874.38522222222,1957.23455555556,3155.22044444444,3264.67377777778,4355.87444444444,4309.93911111111,4506.609,3964.99288888889,5275.49633333333
"N상계3,4동","주중","ratio",0.911337675785828,0.878548544863819,0.844387276775871,0.909630469248159,0.871178438867929,0.853435750892283,0.895422164864756,0.919161045872885,0.916284127136097,0.892958999340119,0.944995556910224,0.964753090449583,0.862728643281209,0.879700309519991,0.899157193804384,0.917516389393076,0.881276231429305,0.901464355645824,0.901934568876562,0.902868237837262,0.919248809142692,0.9440720259688,0.978561805601603
"N상계3,4동","주말","kbad",57090.799047619,1702.03261904762,1298.95976190476,1356.9680952381,1393.57880952381,1919.20571428571,2090.57047619048,2848.66238095238,2764.27333333333,2927.43357142857,2394.35095238095,3119.66952380952,1712.01714285714,1192.22666666667,1765.98928571429,1799.68523809524,2614.90261904762,2742.36404761905,3819.05857142857,4055.46428571429,4435.36404761905,3910.76452380952,5227.25738095238
"N상계3,4동","주말","kgood",62450.8892682927,1960.07243902439,1457.71487804878,1552.62682926829,1612.85,2253.2156097561,2352.55585365854,3182.63609756098,2961.8156097561,3199.09829268293,2499.20585365854,3232.51975609756,2002.72341463415,1296.44804878049,1949.47634146341,2031.64097560976,2987.06024390244,3109.04780487805,4239.80390243902,4375.31365853659,4763.72658536585,4064.27707317073,5367.06
"N상계3,4동","주말","ratio",0.914171114559372,0.868351896165017,0.891093163323873,0.873982124782421,0.864047375468152,0.851763011926525,0.888637977686847,0.895063806740414,0.933303654767681,0.915080845788416,0.958044712033589,0.96508908195374,0.854844523386117,0.9196100590287,0.905878798400092,0.885828381934017,0.875410070615578,0.882059144705437,0.900763020957547,0.926896812940885,0.9310702384231,0.962228817918301,0.973951731665452
"N상계5동","주중","kbad",38109.0660869565,1122.22808695652,1025.28226086957,1103.64791304348,973.360956521739,1344.66965217391,1494.92426086957,2142.92530434783,1913.58556521739,1768.73808695652,1429.64234782609,1799.02139130435,1103.77426086957,890.667217391304,1319.44913043478,1292.28513043478,1890.33243478261,1970.15252173913,2676.48565217391,2578.38626086957,2665.57513043478,2441.98095652174,3161.95156521739
"N상계5동","주중","kgood",41333.2556410256,1300.82038461538,1152.67743589744,1198.73717948718,1108.30153846154,1509.48384615385,1674.2158974359,2304.39987179487,2049.40692307692,1932.46833333333,1483.92935897436,1851.04448717949,1248.64205128205,1004.59115384615,1471.60756410256,1423.99769230769,2140.16384615385,2216.80076923077,2918.20038461538,2794.8891025641,2867.14346153846,2577.86935897436,3103.865
"N상계5동","주중","ratio",0.921995267392658,0.862707949713082,0.889478902717754,0.920675467424494,0.878245606220926,0.890814204868851,0.892910085944757,0.929927713751661,0.933726505785579,0.915274033963397,0.963416714670439,0.97189527521599,0.883979728006323,0.886596715471082,0.896603933426659,0.907505073509312,0.883265287459081,0.888736845044841,0.917169933320624,0.92253616020188,0.929697158929215,0.947286544223217,1.01871426921512
"N상계5동","주말","kbad",36013.625,1313.68833333333,966.285,1088.28972222222,964.749166666667,1290.72888888889,1354.88083333333,1899.40972222222,1699.53805555556,1598.12666666667,1344.29333333333,1720.4825,1307.06888888889,891.046111111111,1376.9775,1292.99694444444,1765.98666666667,1804.09111111111,2391.04083333333,2363.9125,2416.93805555556,2252.34277777778,2910.75138888889
"N상계5동","주말","kgood",38973.7887179487,1466.1641025641,1077.53256410256,1183.25076923077,1120.69846153846,1473.21923076923,1531.94051282051,2049.42717948718,1818.97948717949,1737.84871794872,1359.18153846154,1671.44512820513,1469.27846153846,979.790769230769,1502.44256410256,1442.09512820513,2016.94846153846,2040.68102564103,2624.87974358974,2566.59230769231,2628.6441025641,2379.35692307692,2833.39153846154
"N상계5동","주말","ratio",0.924047319613413,0.896003613126176,0.89675712102936,0.919745628333476,0.860846338043766,0.876128183729277,0.884421308787514,0.926800298753481,0.934336020573196,0.919600567161581,0.989046198239966,1.02933830789141,0.889599162517005,0.909424888551123,0.916492605374564,0.896610021874038,0.875573521258759,0.88406325557146,0.910914429193386,0.921031553361686,0.919461882724238,0.946618288299977,1.02730291573799
"N상계6,7동","주중","kbad",205187.946236559,5399.92516129032,7037.54129032258,6553.77731182796,6454.85731182796,8492.36365591398,8664.28827956989,10556.5307526882,9212.77376344086,8685.2276344086,6709.14107526882,8023.83817204301,5259.19021505376,5228.99537634409,7484.09903225806,8666.88462365591,12108.9075268817,12061.3932258065,14607.7565591398,13497.7711827957,13222.5906451613,12079.0660215054,15181.0274193548
"N상계6,7동","주중","kgood",211914.702151899,5809.44569620253,8268.39012658228,6914.17341772152,6848.38911392405,8990.57556962025,8979.5453164557,11079.2310126582,9388.12936708861,9007.06962025317,6684.51582278481,7913.94367088608,5628.53329113924,5558.62341772152,7784.47075949367,9133.52291139241,12544.2049367089,12250.3435443038,14856.087721519,13539.067721519,13585.7894936709,12297.7944303797,14852.8551898734
"N상계6,7동","주중","ratio",0.968257247623537,0.929507812564648,0.851138030811753,0.947875749692676,0.942536588451732,0.944585092483982,0.964891648098477,0.952821611953676,0.981321560793306,0.964267847433879,1.00368392463072,1.01388618692868,0.934380227142492,0.940699699078995,0.961413982206911,0.948909277147108,0.965298923923564,0.984575916763967,0.983284215398143,0.996949824051943,0.973266268502188,0.98221401324338,1.02209489187676
"N상계6,7동","주말","kbad",187833.434571429,6087.81428571429,5279.56314285714,6412.87828571429,6689.33171428571,8584.33971428571,8338.07942857143,9416.682,8092.61742857143,7659.46028571429,5898.83942857143,6797.34514285714,5830.24971428571,4769.88942857143,7537.12142857143,8676.09771428571,11196.3522857143,10704.2425714286,12777.02,11903.9548571429,11726.834,10587.7991428571,12866.9225714286
"N상계6,7동","주말","kgood",185746.112105263,6152.56157894737,5387.04763157895,6368.98184210526,6656.20184210526,8527.90289473684,8073.57131578947,9411.05236842105,7952.97131578947,7655.24947368421,5627.48263157895,6448.39868421053,5882.81973684211,4904.54447368421,7536.55421052632,8711.7752631579,11120.0984210526,10468.5855263158,12709.9584210526,11688.5639473684,11720.8005263158,10471.5036842105,12269.4863157895
"N상계6,7동","주말","ratio",1.0112375028608,0.989476368110701,0.980047607507361,1.00689222307384,1.00497729380303,1.00661790128775,1.03276221915135,1.00059819363006,1.01755898609928,1.00055005549389,1.04821992616552,1.05411366072961,0.991063805299496,0.972544841659549,1.00007526225239,0.995904675247643,1.00685730123731,1.02251087737884,1.00527630199295,1.01842749124224,1.00051476634814,1.01110589865159,1.04869284990931
"N상계8동","주중","kbad",70282.9864473684,1707.08131578947,1957.05105263158,2435.20723684211,3511.81592105263,3971.80302631579,3220.77118421053,3597.09855263158,2864.65355263158,2825.05539473684,2399.76868421053,2845.44539473684,1736.88236842105,1513.01986842105,2368.56236842105,3620.19013157895,4769.50355263158,3885.42513157895,4463.52960526316,4049.84223684211,3933.65197368421,3742.25723684211,4864.37065789474
"N상계8동","주중","kgood",66894.1541489362,1735.36053191489,1811.45223404255,2201.41755319149,3217.91212765957,3746.17904255319,3029.57319148936,3528.57234042553,2774.6785106383,2808.61574468085,2265.54691489362,2535.34021276596,1751.4264893617,1424.34244680851,2229.98138297872,3440.96191489362,4560.31021276596,3669.43074468085,4344.79212765957,3930.99106382979,3896.74010638298,3607.81265957447,4382.71659574468
"N상계8동","주중","ratio",1.05065961804207,0.983704126257721,1.0803768467381,1.10619960911626,1.09133369145379,1.06022776306197,1.06311053756954,1.01942037900739,1.03242719531229,1.00585329270732,1.05924475385371,1.12231304517218,0.991695842772168,1.06225849816611,1.06214445846952,1.05208666097395,1.04587261175348,1.05886318667036,1.02732869009951,1.03023440427171,1.00947249913864,1.03726484436792,1.10989851879031
"N상계8동","주말","kbad",66719.2160714286,1944.14714285714,1604.13071428571,2419.02178571429,3493.91892857143,3860.47785714286,2967.63785714286,3240.64035714286,2591.18714285714,2554.43535714286,2186.66785714286,2482.8775,2059.97678571429,1467.84178571429,2445.26821428571,3812.43071428571,4847.11142857143,3667.2725,4107.77,3750.39321428571,3604.95107142857,3359.025,4252.03285714286
"N상계8동","주말","kgood",59749.1540909091,1817.37886363636,1403.76454545455,1995.81772727273,2939.71909090909,3311.32477272727,2571.12318181818,2997.28977272727,2396.99113636364,2392.91931818182,1960.67045454545,2099.75795454545,1950.22704545455,1302.64568181818,2152.28863636364,3336.05681818182,4348.08818181818,3264.61295454545,3821.54363636364,3444.16340909091,3399.58227272727,3128.87068181818,3714.31795454545
"N상계8동","주말","ratio",1.11665540854209,1.06975335839833,1.14273488348168,1.2120454451619,1.18852135885234,1.16584090118206,1.1542184669053,1.08119020944517,1.08101657263035,1.06749748632719,1.11526536857506,1.18245890895433,1.05627536574038,1.1268158381069,1.13612466886276,1.14279549841826,1.11476842830372,1.12334066888202,1.07489810162386,1.08891268178116,1.06041000988529,1.07355827120604,1.14476814025557
"N상계9동","주중","kbad",36314.910862069,1154.23646551724,999.902672413793,1159.91681034483,1459.6925862069,1784.5674137931,1626.89155172414,1940.42422413793,1651.03560344828,1566.58663793103,1297.46267241379,1454.14025862069,1153.59862068966,821.226379310345,1133.99568965517,1630.72293103448,2162.145,1950.35577586207,2347.26232758621,2159.88094827586,2122.34379310345,2047.41431034483,2691.10818965517
"N상계9동","주중","kgood",41910.9429333333,1366.62413333333,1204.06426666667,1327.17973333333,1627.1376,2016.43346666667,1918.50786666667,2267.0052,1897.45213333333,1822.91266666667,1416.99453333333,1587.03706666667,1382.33053333333,956.7104,1374.4868,1843.4304,2551.9368,2329.8252,2807.88626666667,2562.72573333333,2506.31773333333,2337.21146666667,2806.73293333333
"N상계9동","주중","ratio",0.866478020306872,0.844589552726501,0.830439620288645,0.873971159453731,0.897092284147878,0.885011800931445,0.847998374148342,0.855941673242713,0.870132940085204,0.859386555690381,0.915644091697126,0.916261056003495,0.834531678836525,0.858385546253438,0.825032069900688,0.884613235755732,0.84725648378126,0.837125367114266,0.835953491226238,0.84280612637643,0.846797580720458,0.876007301669135,0.958804508150748
"N상계9동","주말","kbad",35314.3933333333,1241.13777777778,921.556944444444,1174.35055555556,1509.23388888889,1791.29527777778,1530.53222222222,1763.67861111111,1529.2,1440.47055555556,1185.18111111111,1351.35722222222,1264.9275,829.524444444444,1231.66833333333,1762.55111111111,2219.10527777778,1915.52305555556,2214.48138888889,2093.16694444444,2009.92583333333,1894.98388888889,2440.54138888889
"N상계9동","주말","kgood",38984.1371794872,1374.20538461538,1006.04769230769,1266.43666666667,1592.47512820513,1918.81461538462,1733.58820512821,2011.33615384615,1722.58461538462,1632.76641025641,1267.76179487179,1399.55487179487,1412.44743589744,902.20641025641,1388.07256410256,1870.44307692308,2471.32948717949,2184.38897435897,2588.69743589744,2366.38769230769,2305.61307692308,2097.10230769231,2471.87717948718
"N상계9동","주말","ratio",0.905865715861353,0.903167599015885,0.916017154545187,0.927287235489251,0.947728389698582,0.933542648370292,0.882869540583332,0.876869143797041,0.887735781651901,0.882226965539635,0.934861040855838,0.965562157980388,0.895557220645379,0.919439759033291,0.887322727345777,0.942317428879231,0.897939869729968,0.876914816015165,0.855442338753345,0.884541003677718,0.871753310844182,0.903620143823201,0.987323079456241
"N상계10동","주중","kbad",48092.0549295775,1653.77915492958,1525.3838028169,1500.13971830986,1527.24718309859,1993.18014084507,2017.84056338028,2539.41098591549,2150.04901408451,2039.74492957746,1625.29971830986,1768.8,1431.79605633803,1292.07253521127,1677.13845070423,1974.8323943662,2619.62309859155,2544.22690140845,3226.4014084507,3137.89887323944,3142.25732394366,2956.14535211268,3748.78732394366
"N상계10동","주중","kgood",53007.0780851064,1882.70436170213,1658.04042553191,1674.8,1733.26127659574,2282.50787234043,2240.76425531915,2843.84159574468,2350.23914893617,2240.57840425532,1706.07414893617,1828.53861702128,1653.43265957447,1424.6135106383,1869.68031914894,2229.3620212766,3051.93468085106,2889.33563829787,3646.08553191489,3463.22989361702,3477.895,3154.16042553191,3705.99829787234
"N상계10동","주중","ratio",0.90727609721031,0.87840618451344,0.919991925002398,0.895712752752483,0.881140774170078,0.873241299624222,0.900514437692547,0.892950925858629,0.914821376819343,0.910365343923502,0.952654794824317,0.967329857589449,0.865953655897011,0.906963555773351,0.897018829116009,0.88582849062592,0.858348350319555,0.880557754414185,0.884894602775878,0.906061384784997,0.903494016910707,0.937220988565968,1.01154588389743
"N상계10동","주말","kbad",45635.0543333333,1644.187,1397.53133333333,1568.95566666667,1620.55633333333,2005.54433333333,1879.25633333333,2277.28833333333,1914.27733333333,1847.72266666667,1490.08633333333,1601.89966666667,1533.28166666667,1255.58866666667,1846.34566666667,2111.29466666667,2564.51466666667,2360.10633333333,2919.18466666667,2870.71066666667,2873.938,2693.927,3358.857
"N상계10동","주말","kgood",49319.4782926829,1819.73268292683,1479.35243902439,1693.71219512195,1790.99073170732,2231.76390243902,2056.57487804878,2504.76073170732,2088.37780487805,2007.08682926829,1524.33268292683,1610.2543902439,1734.04780487805,1389.18829268293,1996.11073170732,2315.40951219512,2896.36341463415,2609.19634146341,3262.32414634146,3125.34341463415,3122.8656097561,2818.04097560976,3243.6487804878
"N상계10동","주말","ratio",0.925294749926497,0.903532159105653,0.944691269279269,0.926341364952915,0.904837922744853,0.898636424373356,0.913779679695552,0.909183980931012,0.916633632507466,0.920599268413453,0.977533546333376,0.994811550505402,0.884221105296747,0.903829000920933,0.924971564622293,0.911845034559375,0.885425721685758,0.904533819792812,0.89481747849624,0.918526473994767,0.920288721686125,0.955957355949056,1.03551809314413
