"HDONG","weekend","gb","0","1","2","3","4","5","6","7","8","9","10","11","12","13","14","15","16","17","18","19","20","21","22","23"
"J청운효자동","주중","kbad",482.408444444444,324.562888888889,239.169111111111,206.352777777778,385.740111111111,809.088777777778,1919.44955555556,4383.02633333333,4085.71455555556,3419.41911111111,2995.35444444444,2963.76455555556,2890.18411111111,2941.50855555556,2865.92055555556,2912.28755555556,2892.18455555556,3050.68922222222,3052.65011111111,2164.96166666667,1798.25666666667,1800.58411111111,1458.08766666667,978.700333333333
"J청운효자동","주중","kgood",556.866960784314,392.994607843137,288.260392156863,248.531666666667,407.171568627451,833.158039215686,2023.86803921569,4730.35539215686,4345.38882352941,3769.87509803922,3342.9381372549,3398.47166666667,3196.11931372549,3177.84343137255,3150.0868627451,3170.3118627451,3281.61480392157,3432.07833333333,3443.51990196078,2502.65676470588,2070.28343137255,1965.8481372549,1594.105,1065.56647058824
"J청운효자동","주중","ratio",0.866290296276513,0.825871099530295,0.829698139663122,0.830287667343978,0.947365044203396,0.971110809348288,0.948406476293486,0.926574426226111,0.94024141946337,0.907037772389228,0.89602449146849,0.872087469383705,0.904279167144805,0.925630421724422,0.909790961465136,0.918612326370275,0.881329689303986,0.888875172979897,0.886491206097834,0.865065356623563,0.8686040951767,0.915932455304221,0.914674796620465,0.918478912716775
"J청운효자동","주말","kbad",611.5959375,431.476875,332.223125,252.8215625,299.593125,395.065625,759.395625,1279.7503125,1843.15625,2417.035625,3036.59375,3249.17125,3455.56375,3516.601875,3370.94125,3114.0621875,3062.6053125,2752.1,2225.21125,1744.0765625,1613.1575,1421.7390625,1106.2546875,740.5934375
"J청운효자동","주말","kgood",652.74612244898,477.875918367347,363.760816326531,282.345714285714,326.564489795918,455.962857142857,876.756530612245,1408.0093877551,1952.65673469388,2465.08469387755,3033.12102040816,3290.90224489796,3367.00551020408,3450.1806122449,3355.88142857143,3184.64142857143,2974.51775510204,2890.88734693878,2430.85571428571,1974.27918367347,1794.70775510204,1541.73510204082,1237.58244897959,865.850612244898
"J청운효자동","주말","ratio",0.936958361706398,0.902905667383558,0.913301021135215,0.895432619331923,0.917408764153219,0.866442559544324,0.866141965854202,0.908907514132704,0.943922307106864,0.980508146841003,1.00114493604722,0.987319284563175,1.0263017804775,1.01925153208483,1.00448759044356,0.977837617623693,1.02961406340469,0.95199143713236,0.915402439117559,0.883399154953789,0.898841326903544,0.922168186102803,0.893883626430002,0.855336275133949
"J사직동","주중","kbad",1413.58694915254,903.52186440678,618.637966101695,545.131694915254,1302.92830508475,3212.08016949153,8141.77966101695,20923.6645762712,26085.8442372881,14578.4372881356,11113.9533898305,11842.7769491525,11988.7238983051,11935.9261016949,10474.4371186441,10558.3891525424,10886.4915254237,13169.1018644068,15049.0196610169,8353.13169491525,6540.18406779661,6285.70406779661,4974.42576271186,2905.71457627119
"J사직동","주중","kgood",1668.96392523364,1081.64551401869,774.675327102804,669.25953271028,1348.4208411215,3273.46672897196,8316.80242990654,21710.9117757009,27094.9863551402,14994.3953271028,11595.5369158879,12751.9870093458,11932.4193457944,11766.9219626168,11078.7473831776,11476.6306542056,11691.5129906542,14052.9568224299,16777.2196261682,9529.60523364486,7437.66747663551,6942.00056074766,5625.19177570093,3289.08345794393
"J사직동","주중","ratio",0.846984723743893,0.835321602777124,0.798577087016995,0.81452959318734,0.966262360644832,0.981247232807613,0.978955521624486,0.963739560661342,0.962755393022717,0.972259098823722,0.958468199484796,0.928700518630791,1.00471861999474,1.01436264637558,0.945453195778152,0.91999032387378,0.931144800003731,0.937105409972341,0.896991277240257,0.876545406668474,0.879332679007467,0.905460034581102,0.884312208554351,0.883442032841456
"J사직동","주말","kbad",1833.41913043478,1229.92782608696,921.149565217391,700.877391304348,846.470869565217,1849.2852173913,3168.33826086957,4147.1647826087,6874.64304347826,8839.64173913043,9244.13304347826,10725.7613043478,11529.4617391304,12181.9339130435,11560.0695652174,10872.58,10808.4791304348,10202.327826087,8100.79826086957,5953.76782608696,5197.55217391304,4832.68869565217,3641.08,2116.14913043478
"J사직동","주말","kgood",1975.36782608696,1317.52434782609,997.984565217391,783.517826086957,923.586956521739,1973.97043478261,3323.07673913043,4468.81804347826,7544.92739130435,9294.14956521739,9488.02652173913,10731.2843478261,11389.0495652174,12027.072173913,11440.5369565217,10762.3176086957,11092.9717391304,10917.3230434783,8691.22369565217,6702.51934782609,5781.61565217391,5364.02717391304,4228.81695652174,2509.41304347826
"J사직동","주말","ratio",0.92814062587353,0.933514305155981,0.923009831336156,0.894526414037915,0.916503707190773,0.936835316682422,0.953435177575417,0.928022743879899,0.911160927990029,0.951097427161285,0.974294604077881,0.999485332482185,1.01232869987166,1.01287609626775,1.0104481642033,1.01024522740485,0.974353796675412,0.93450819266373,0.932066478155663,0.888288047690309,0.898979193118578,0.900944111386136,0.86101622213387,0.843284502698535
"J삼청동","주중","kbad",293.189222222222,197.171888888889,155.745333333333,144.938222222222,212.408666666667,535.640888888889,1304.21622222222,3090.22288888889,3458.20377777778,2215.89855555556,1890.33766666667,2268.11633333333,2007.44,2078.562,1926.45077777778,1901.62088888889,1827.46644444444,2208.24755555556,2282.60733333333,1433.54777777778,1119.437,1076.92711111111,799.531555555556,525.792333333333
"J삼청동","주중","kgood",165.631860465116,105.800697674419,74.0510465116279,65.4675581395349,135.501162790698,400.029069767442,1157.6961627907,3030.9676744186,3364.34488372093,2214.67976744186,1850.01511627907,2246.0076744186,1932.23081395349,1929.85302325581,1797.30604651163,1813.50081395349,1807.63779069767,2129.89011627907,2224.30813953488,1416.05581395349,957.384418604651,898.058488372093,621.73488372093,368.895581395349
"J삼청동","주중","ratio",1.77012575599228,1.86361615020392,2.1032158311075,2.21389381765709,1.5675781837737,1.33900491081882,1.12656175613326,1.01954993283841,1.02789811903976,1.00055032250333,1.02179579508988,1.00984353667467,1.03892349997909,1.07705715147846,1.07185461347376,1.04859114165121,1.01096937331628,1.03678942809189,1.02621003482487,1.0123525948991,1.16926594818781,1.19917257623527,1.28596862825286,1.4253148041094
"J삼청동","주말","kbad",387.3959375,275.708125,232.07,179.7740625,198.750625,272.30875,465.895,743.80125,1317.2078125,1764.3828125,2027.3753125,2380.1209375,2498.7871875,2724.4709375,2618.7690625,2348.6228125,2317.2784375,2110.9275,1620.8209375,1278.5765625,1027.9784375,866.6984375,684.0003125,428.448125
"J삼청동","주말","kgood",220.151951219512,141.858780487805,105.638536585366,82.8641463414634,97.06,196.361219512195,392.716341463415,646.348780487805,1274.29146341463,1742.48365853659,1916.90975609756,2231.21536585366,2397.00195121951,2566.5287804878,2463.82658536585,2297.44024390244,2149.1043902439,2102.11195121951,1586.36243902439,1164.55731707317,908.157073170732,711.03756097561,496.877804878049,263.950975609756
"J삼청동","주말","ratio",1.75967523955184,1.94353937099933,2.19683088673295,2.16950358432698,2.04770889140738,1.38677459162494,1.18633973382389,1.15077381199458,1.03367859733625,1.01256778154339,1.05762689456353,1.06673742657261,1.04246356004371,1.06153921133204,1.06288692477565,1.02227808480913,1.0782530844102,1.00419366284244,1.02172170597836,1.09790780046223,1.13193903110937,1.21892075055896,1.376596631576,1.62321099215579
"J부암동","주중","kbad",786.258494623656,493.605698924731,348.354731182796,297.265053763441,542.321397849462,1298.84870967742,2755.71301075269,5002.33322580645,5078.40548387097,4367.73989247312,4251.56913978495,3948.24053763441,3861.87602150538,3849.01612903226,4070.76322580645,4287.98860215054,4821.12419354839,5462.48569892473,5319.71021505376,3790.2911827957,2938.2552688172,3082.11311827957,2519.64591397849,1533.51569892473
"J부암동","주중","kgood",927.549156626506,586.16156626506,418.037469879518,354.519518072289,625.120722891566,1500.46987951807,3101.52602409639,5447.02578313253,5546.96963855422,4759.59722891566,4485.80144578313,4307.5934939759,4131.94253012048,4079.25831325301,4378.87602409639,4664.43987951807,5409.96265060241,6048.26265060241,6021.9956626506,4537.50722891566,3528.18397590361,3508.99722891566,2922.88469879518,1837.6965060241
"J부암동","주중","ratio",0.847673127625145,0.84209836900416,0.833309825751253,0.838501235079605,0.867546664172152,0.865627979213144,0.888502301558328,0.918360482393322,0.915527903483283,0.917670063747848,0.947783621538047,0.916576864357316,0.934639335700724,0.943557831708591,0.929636555911967,0.919293358454342,0.891156650224109,0.903149551281584,0.883379947954375,0.835324549709086,0.83279536693227,0.878345839911647,0.862040817079476,0.83447712606394
"J부암동","주말","kbad",1109.59411764706,781.424705882353,585.103529411765,439.640294117647,516.018235294118,917.723529411765,1243.30588235294,1775.63705882353,2643.78147058824,3468.82852941176,4194.65411764706,4587.85176470588,4615.66529411765,4745.21147058823,4908.16235294118,4807.91205882353,5217.16441176471,5094.42735294118,4164.99941176471,3271.56382352941,2939.62264705882,2865.84294117647,2242.43323529412,1325.72205882353
"J부암동","주말","kgood",1265.14621621622,851.464594594595,635.262972972973,514.002432432432,623.395135135135,1107.40135135135,1507.4572972973,2084.48864864865,3103.99567567568,3939.08756756757,4563.96054054054,4952.98459459459,4901.53891891892,5067.52432432432,5301.8,5171.60837837838,5346.85054054054,5507.14756756757,4717.32972972973,3788.60459459459,3491.72243243243,3356.90297297297,2615.95837837838,1626.92081081081
"J부암동","주말","ratio",0.877048125682752,0.917741866007254,0.921041449454441,0.855327263797413,0.827754671492999,0.828718086980728,0.824770217094739,0.851833402870606,0.851734907785507,0.880617267301272,0.919082029826283,0.926280241152537,0.941676761211084,0.936396387445251,0.925753961473684,0.929674427577424,0.975745323757876,0.925057353273596,0.882914625517036,0.86352738636202,0.841883255024655,0.853716346361478,0.857212887570556,0.814865757456767
"J평창동","주중","kbad",2129.53183673469,1481.70010204082,1144.14051020408,1026.73612244898,1449.42081632653,2913.32408163265,5182.46755102041,7754.94469387755,7899.65020408163,7579.82530612245,7462.99418367347,7556.23510204082,7325.34602040816,7356.05571428571,7712.7943877551,7999.1787755102,8693.00081632653,9236.06581632653,8437.98214285714,6812.66255102041,5659.93163265306,5817.90867346939,5044.03112244898,3511.68693877551
"J평창동","주중","kgood",2371.66277777778,1659.47611111111,1324.08791666667,1171.67847222222,1590.14291666667,3082.37027777778,5654.04291666667,8665.54055555556,8918.00819444444,8276.4575,7680.17513888889,7912.58222222222,7700.55569444444,7636.70125,7861.75847222222,8447.44652777778,9325.63027777778,9918.31875,9219.82722222222,7578.06666666667,6384.46694444444,6315.35888888889,5573.29,3930.79277777778
"J평창동","주중","ratio",0.897906674038222,0.892872209560604,0.86409708585243,0.87629511575958,0.911503488859275,0.94515707688857,0.916595014824494,0.894917592752571,0.885808807509595,0.915829665786654,0.971721874659379,0.954964497028465,0.951274987296439,0.963250423641453,0.981052065515183,0.946934526215285,0.932162283662612,0.931212844548531,0.91519959533725,0.898997442314277,0.886515927156323,0.921231679122036,0.905036544383834,0.893378800996169
"J평창동","주말","kbad",2680.93,1958.18181818182,1969.81303030303,1267.20060606061,1410.14393939394,2125.14666666667,2881.39545454545,3833.13424242424,5413.74606060606,7458.16848484848,8977.04333333333,9883.09242424242,9743.5903030303,9951.69696969697,9861.76696969697,9619.02636363636,9905.67212121212,9413.01272727273,7903.29,6300.41424242424,5896.59060606061,5719.61454545455,4695.60454545455,3104.57
"J평창동","주말","kgood",3003.06028571429,2113.96942857143,1627.99514285714,1406.62971428571,1567.106,2381.93142857143,3312.46285714286,4523.55285714286,6221.22628571429,8224.61428571429,9403.876,10358.2748571429,9953.10371428571,10203.4388571429,10254.5954285714,10094.1917142857,9874.59628571429,9881.12457142857,8521.91285714286,7057.768,6593.64657142857,6410.43942857143,5283.92942857143,3659.91742857143
"J평창동","주말","ratio",0.892732660996958,0.926305646484733,1.20996247374915,0.900877176979081,0.899839538227752,0.892194729527218,0.869864985303045,0.847372488722351,0.870205617345501,0.906810730054894,0.954610985229211,0.954125330766565,0.97894994192066,0.975327740875356,0.961692446902395,0.952926854957898,1.0031470487095,0.952625650980113,0.927407981340205,0.892692171579491,0.894283692973713,0.892234395034159,0.888657694795151,0.848262306620345
"J무악동","주중","kbad",273.164421052632,153.708526315789,110.660421052632,75.387052631579,200.932842105263,414.307263157895,915.614631578947,2079.42705263158,1866.26663157895,1394.98747368421,1244.63189473684,1088.73715789474,1093.678,1242.52684210526,1225.51442105263,1231.18536842105,1391.87010526316,1656.15757894737,2014.77947368421,1440.65547368421,1160.34410526316,1187.38442105263,991.314421052632,616.446842105263
"J무악동","주중","kgood",254.543372093023,140.52,99.6905813953488,74.9487209302326,178.225465116279,398.479186046512,909.922325581395,2038.89244186047,1866.4661627907,1301.30034883721,1157.51627906977,995.117441860465,992.548720930233,1121.61174418605,1107.81755813953,1186.55209302326,1367.29220930233,1663.24953488372,2007.56953488372,1549.28895348837,1160.76976744186,1153.44255813953,1011.36162790698,614.045930232558
"J무악동","주중","ratio",1.07315471939612,1.09385515453878,1.11003887733164,1.00584842137272,1.12740815109765,1.03972121422055,1.00625581529051,1.01988070088392,0.999893096796648,1.07199500478941,1.07526081251927,1.09407906252677,1.10188847855749,1.10780477161191,1.10624209920518,1.0376159425787,1.01797559862743,0.995736084220911,1.00359137687398,0.929881717958704,0.99963329318988,1.02942657410512,0.980178003296572,1.0039099874366
"J무악동","주말","kbad",341.521176470588,207.119411764706,157.577352941176,101.775294117647,152.382058823529,304.820882352941,378.849705882353,520.642941176471,909.260294117647,1311.85294117647,1309.17588235294,1206.56647058824,1383.49294117647,1415.78941176471,1352.99058823529,1351.50470588235,1341.01323529412,1320.49529411765,1160.87852941176,939.292647058823,919.664117647059,812.083823529412,692.524411764706,423.327647058824
"J무악동","주말","kgood",325.116666666667,211.255333333333,149.745333333333,112.021111111111,154.214444444444,307.298222222222,398.988444444444,541.803777777778,928.197555555556,1238.61377777778,1270.144,1156.23066666667,1276.19177777778,1361.86022222222,1334.60022222222,1291.53977777778,1268.40622222222,1227.28977777778,1164.37066666667,960.944444444444,963.824888888889,830.353555555556,739.401111111111,458.681333333333
"J무악동","주말","ratio",1.05045730190369,0.980422167320616,1.05230226166988,0.90853673123005,0.988117937800728,0.991938320204503,0.949525509215855,0.960943726365108,0.97959781156009,1.05912994406545,1.03073028125389,1.04353439618297,1.08407918407493,1.03959965102328,1.01377968151575,1.04642902149537,1.05724271278383,1.07594418044338,0.997000837143296,0.977468211080466,0.95418174841621,0.977997647021671,0.936601800238083,0.922923206798962
"J교남동","주중","kbad",411.76625,241.6505,175.01275,150.3225,441.435,721.34525,1672.054625,3648.234375,3716.9995,2514.868,2095.47975,2104.815125,2059.417125,2250.947125,2166.1475,2190.572125,2220.128125,2543.944625,2887.658875,1916.38025,1611.742375,1646.664,1320.96475,800.71625
"J교남동","주중","kgood",398.683260869565,238.5475,176.624782608696,148.614347826087,426.629891304348,715.674673913044,1682.96423913043,3704.3102173913,3702.56358695652,2497.06054347826,2102.09945652174,2087.33869565217,2017.83369565217,2217.90630434783,2172.67260869565,2234.17304347826,2256.84445652174,2579.9375,2957.47467391304,2038.59336956522,1663.46293478261,1664.67,1348.94532608696,804.32402173913
"J교남동","주중","ratio",1.03281549644673,1.01300789151008,0.990873123324562,1.01149385775263,1.03470246458913,1.00792339912764,0.993517619758771,0.984862001533232,1.00389889672505,1.00713136754663,0.996850907077112,1.00837258916544,1.02060795666037,1.01489730228342,0.996996736337754,0.980484538292351,0.983731120053206,0.986048935293975,0.976393441496265,0.94005027123615,0.968907897674698,0.989183441763232,0.979257442428654,0.995514529416479
"J교남동","주말","kbad",543.5236,348.7888,269.5888,204.6472,304.8052,458.746,650.578,938.5884,1473.5548,1812.5712,1937.1996,2037,2186.572,2262.5376,2211.2064,2280.0492,2329.93,2176.0892,1764.7136,1425.7176,1348.6308,1276.7888,969.2896,621.072
"J교남동","주말","kgood",552.903617021277,355.417021276596,278.365319148936,227.010212765957,314.402340425532,470.001276595745,678.517872340426,966.015957446809,1524.08,1887.16978723404,1967.38191489362,2057.71,2151.62404255319,2256.51553191489,2209.13787234043,2147.52021276596,2166.64574468085,2117.27276595745,1797.96170212766,1516.49659574468,1429.17531914894,1307.29234042553,998.138085106383,657.828085106383
"J교남동","주말","ratio",0.983034987052878,0.981350861439364,0.968471219131143,0.901488957287515,0.969474971425014,0.97605266803259,0.958822201331187,0.971607552405967,0.966848721851871,0.960470654130501,0.984658639654493,0.989935413639434,1.01624259478219,1.00266874656963,1.00093635063953,1.06171256803369,1.0753626917183,1.02777933716819,0.981507891915432,0.940139004598224,0.943642660162296,0.976666626520888,0.971097701273158,0.944125089915492
"J가회동","주중","kbad",185.709886363636,128.1925,88.6629545454545,82.2130681818182,191.982272727273,416.586704545455,1337.08056818182,3072.40477272727,2598.63704545455,1732.80488636364,1517.12090909091,1627.1725,1686.13579545455,1607.96397727273,1469.71875,1406.82363636364,1296.13625,1372.36522727273,1348.54272727273,838.736818181818,647.869659090909,655.473409090909,525.009659090909,335.801136363636
"J가회동","주중","kgood",171.313908045977,118.56632183908,85.3502298850575,71.142183908046,182.071034482759,375.533563218391,1289.20804597701,3370,2661.27540229885,1856.24034482759,1623.90379310345,1769.63689655172,1711.9016091954,1598.22505747126,1550.20390804598,1539.72666666667,1449.09206896552,1517.51804597701,1503.54712643678,932.074022988506,679.834942528736,661.799655172414,517.032873563218,316.893103448276
"J가회동","주중","ratio",1.08403274714739,1.0811881317697,1.03881330682833,1.1556163118085,1.05443610661449,1.10931949990097,1.03713327911208,0.911692810898301,0.976463030924873,0.933502437436023,0.93424309711817,0.919495125339369,0.984949010151952,1.00609358472759,0.948080921723757,0.913684010818134,0.894447135388223,0.904348538662134,0.896907521926901,0.899860737983641,0.952980817198175,0.990440844095247,1.01542800455359,1.05966691199528
"J가회동","주말","kbad",246.607777777778,181.495185185185,157.118888888889,103.273703703704,126.395185185185,188.491851851852,288.048888888889,463.443703703704,887.922962962963,1171.76814814815,1359.62925925926,1497.26148148148,1513.71037037037,1575.81666666667,1583.97518518519,1418.52962962963,1355.82074074074,1177.19962962963,937.427407407407,713.28037037037,610.355185185185,566.87037037037,433.943703703704,286.458888888889
"J가회동","주말","kgood",209.47119047619,164.533333333333,118.386428571429,87.1778571428571,110.068095238095,172.332142857143,290.440714285714,455.690476190476,883.042619047619,1179.45619047619,1308.80904761905,1499.17261904762,1543.46119047619,1605.3269047619,1591.02642857143,1498.48238095238,1344.07857142857,1250.17523809524,955.314285714286,726.334285714286,603.34880952381,559.087142857143,421.52380952381,259.426666666667
"J가회동","주말","ratio",1.17728732632475,1.10309067170899,1.32716976755567,1.18463228035613,1.14833626321753,1.09377071930281,0.991764841225144,1.01701424084621,1.00552673654711,0.993481705899616,1.03882935538432,0.998725205128578,0.980724607596618,0.981617302988132,0.995568116745506,0.946644183248964,1.00873622239189,0.941627696468542,0.981276446323103,0.982027675685063,1.01161247946591,1.01392131372124,1.02946427674851,1.10419985951928
"J종로1,2,3,4가동","주중","kbad",3096.60986666667,2168.36866666667,1575.3956,1289.29,3217.18973333333,7776.24813333333,19476.7008,53681.1929333333,69707.4296,42358.2698666667,34610.5882666667,40324.4594666667,39628.6985333333,37764.3965333333,33585.4402666667,33459.7948,33323.4388,39577.41,44215.0348,23984.3705333333,17454.9682666667,16732.7137333333,12050.5324,7124.44653333333
"J종로1,2,3,4가동","주중","kgood",3238.75,2225.48534883721,1650.95093023256,1349.44930232558,3143.03755813953,7707.26918604651,20515.5620930233,55178.2904651163,75274.2169767442,46048.1938372093,36422.7695348837,44142.8324418605,41841.041627907,38107.5647674419,34992.1074418605,35712.2601162791,35847.7668604651,42351.116627907,49816.5624418605,28351.7318604651,19896.7195348837,18234.8351162791,13482.5152325581,7880.87755813953
"J종로1,2,3,4가동","주중","ratio",0.956112656631931,0.974335179424845,0.95423526596159,0.955419368314241,1.02359251959995,1.00894985572993,0.949362279799463,0.972867997193037,0.926046558830841,0.919868214949161,0.950245923323281,0.913499592935662,0.947125047357854,0.990994747730463,0.959800444213571,0.936927393871319,0.92958199961825,0.934506883200353,0.887556921487751,0.84595786428053,0.877278700946853,0.917623528078698,0.893789637329678,0.904016904307193
"J종로1,2,3,4가동","주말","kbad",4076.37178571429,2917.45571428571,2347.31214285714,1729.40642857143,2014.73607142857,4845.97642857143,7470.89214285714,10480.4621428571,17897.1789285714,24390.2207142857,27002.2528571429,32050.0114285714,35833.4453571429,37132.3210714286,35439.1385714286,33245.335,33733.9317857143,30575.4871428571,23358.1775,17315.0582142857,14910.6192857143,12639.9778571429,9918.27857142857,5249.76785714286
"J종로1,2,3,4가동","주말","kgood",4275.62162790698,3005.99441860465,2305.34581395349,1804.75325581395,2088.57209302326,5027.34581395349,8385.10627906977,11459.4248837209,19430.6993023256,25867.8134883721,27500.1451162791,31924.846744186,34963.7772093023,36700.96,35554.5962790698,33178.096744186,33156.9595348837,31497.7713953488,25105.5255813953,18967.7469767442,16138.1360465116,13759.3,11024.4376744186,6011.95930232558
"J종로1,2,3,4가동","주말","ratio",0.953398626086979,0.970545951858408,1.01820391919062,0.958250898287731,0.964647606926604,0.963923431549374,0.890971669793308,0.91457138985618,0.921077448119913,0.942879100518079,0.981894922480192,1.00392060407959,1.02487340376969,1.01175340022246,0.996752664360609,1.00202658568188,1.01740124121524,0.970719063234173,0.930399860551407,0.912868472756159,0.923936893501237,0.918649775580361,0.899662990924535,0.873220790951148
"J종로5,6가동","주중","kbad",1160.25077777778,797.525333333333,606.474888888889,509.602666666667,963.447666666667,2471.72,5878.97655555556,14412.0562222222,18284.8567777778,12198.7334444444,10802.3174444444,11750.048,11691.9918888889,11827.4831111111,11751.2271111111,11685.2813333333,11484.5504444444,11977.7281111111,13472.6618888889,8088.298,6172.99577777778,6111.17577777778,5040.979,3081.59433333333
"J종로5,6가동","주중","kgood",1220.23,849.857647058824,625.568039215686,538.982941176471,1048.73166666667,2642.59647058824,6418.28078431373,15105.402254902,19018.6414705882,12980.5046078431,11454.543627451,12033.9410784314,11831.0460784314,12323.2600980392,12303.3656862745,12373.3475490196,12195.8487254902,13120.7259803922,14902.7988235294,9169.91637254902,7061.31911764706,6717.14235294118,5433.33558823529,3356.07843137255
"J종로5,6가동","주중","ratio",0.95084596983993,0.938422259414149,0.969478699150398,0.945489416704592,0.918678912146259,0.935337660331394,0.915973724602976,0.954099465808351,0.961417607354067,0.939773438166161,0.943059609861412,0.976408968883835,0.988246669937666,0.959769007309438,0.955122964785209,0.944391264129585,0.941677016741025,0.91288608031376,0.904035681379357,0.882047084334712,0.874198669530562,0.909788040311805,0.927787160968879,0.918212847627951
"J종로5,6가동","주말","kbad",1406.4578125,1013.5634375,842.4575,610.898125,723.64125,1568.5546875,2576.9303125,3593.6721875,5720.3821875,6958.53875,8024.335625,9211.936875,9925.9521875,10187.323125,10232.4159375,9987.206875,10031.9690625,8954.12625,6592.475625,5411.4415625,5119.2521875,4582.9090625,3560.53375,2020.13
"J종로5,6가동","주말","kgood",1555.4512244898,1040.52142857143,833.484489795918,623.974489795918,777.821632653061,1718.93857142857,2851.31591836735,4051.71224489796,6423.56714285714,7510.62020408163,8197.65775510204,9408.70591836735,9890.05918367347,10301.0559183673,10120.1085714286,9666.13020408163,9583.54163265306,9268.70918367347,7216.91755102041,5775.79571428571,5373.00714285714,4911.89163265306,3888.98918367347,2337.93693877551
"J종로5,6가동","주말","ratio",0.904212096371799,0.974091844404934,1.01076565948609,0.979043430445057,0.930343435591708,0.91251352059452,0.903768781249445,0.886951483789418,0.890530457654036,0.926493227046469,0.978857115620109,0.979086492332254,1.00362920010487,0.988959113097857,1.01109744675946,1.03321667142274,1.04679141042379,0.96605968237437,0.913475258431889,0.936917063932069,0.952772265398068,0.933023243435163,0.915542209514911,0.864065221989281
"J이화동","주중","kbad",633.50691588785,414.619906542056,287.448037383178,241.88,603.442990654206,1479.67934579439,3991.39990654206,9683.89794392523,11368.5274766355,7652.29336448598,5756.59476635514,5106.30271028037,5806.18214953271,6176.92102803738,5634.9638317757,5497.61093457944,5688.01906542056,6707.22261682243,8950.77579439252,5288.40794392523,3707.17242990654,3975.29214953271,3059.51728971963,1858.04598130841
"J이화동","주중","kgood",665.448888888889,412.043650793651,295.585555555556,249.181111111111,554.055555555556,1389.99777777778,3894.21,8833.80253968254,11352.1620634921,7466.63079365079,5557.77047619048,5039.63523809524,5409.02333333333,5719.46873015873,5374.59714285714,5395.97015873016,5626.23873015873,6666.90714285714,9490.42920634921,5935.90873015873,3894.4880952381,3945.87555555556,3234.80428571429,1980.51761904762
"J이화동","주중","ratio",0.951999359328148,1.00625238550198,0.972469838192589,0.970699580403366,1.08913805592858,1.06451921682925,1.02495754120658,1.09623210394663,1.00144161200764,1.02486564234475,1.0357741096032,1.01322863045349,1.0734252362625,1.07998160658988,1.04844394509914,1.01883642289697,1.01098075254622,1.00604710296715,0.943137091039502,0.890918001662707,0.951902365406999,1.00745502324211,0.945812178879331,0.938161803479385
"J이화동","주말","kbad",745.047368421053,500.844210526316,423.355263157895,306.040789473684,415.015,1043.68868421053,1548.44473684211,2101.95710526316,3511.74736842105,4139.73263157895,4872.31473684211,5636.36263157895,6466.27157894737,7377.17263157895,7063.61815789474,6477.175,6602.31815789474,6214.79552631579,5095.52710526316,3556.37789473684,3371.87473684211,3097.74894736842,2287.355,1355.36157894737
"J이화동","주말","kgood",836.219696969697,519.217878787879,385.92696969697,324.964545454545,406.277575757576,1025.54424242424,1565.57545454545,2020.90454545455,3366.8803030303,4066.25181818182,4526.16393939394,5281.29848484848,6012.9196969697,6884.15848484848,6845.99848484848,5917.43727272727,5980.26181818182,5927.70606060606,5112.28787878788,3721.35666666667,3347.37818181818,3155.99303030303,2419.10242424242,1542.80272727273
"J이화동","주말","ratio",0.890970843094182,0.964612797416652,1.09698283975933,0.941766705797423,1.02150604602317,1.01769250027029,0.989057877949215,1.04010706987172,1.04302709106123,1.01807089592154,1.0764777418766,1.06723046382421,1.07539629744368,1.07161574618242,1.03178786462309,1.09459123966594,1.1040182451246,1.04843179853631,0.996721473062136,0.955667035786279,1.0073181318911,0.981544926628366,0.94553871596252,0.878506081813385
"J혜화동","주중","kbad",1050.53394495413,676.956697247706,484.991559633028,411.863944954128,1269.50128440367,1639.26018348624,3522.1695412844,7258.60513761468,8588.74779816514,5976.50605504587,5006.46972477064,5039.85669724771,5057.6304587156,5067.22889908257,4947.64412844037,5349.23788990826,5790.73403669725,6851.82614678899,8507.31110091743,5242.96449541284,3933.69935779817,3908.2423853211,3240.44449541284,2159.85458715596
"J혜화동","주중","kgood",1069.89983606557,651.47868852459,482.092131147541,395.66,1189.96278688525,1743.24344262295,3893.59180327869,8102.37147540984,9438.61639344262,6498.51245901639,5308.20409836066,5442.58,5283.42426229508,5276.87114754098,5140.42245901639,5631.07540983607,6219.86114754098,7205.94393442623,9422.00934426229,6310.87868852459,4465.96786885246,4248.49459016393,3700.14180327869,2489.55114754098
"J혜화동","주중","ratio",0.981899341920959,1.03910796956508,1.00601426220873,1.04095421562485,1.06684116377002,0.940350695379496,0.904606779354343,0.89586180535465,0.909958349841623,0.919672939420734,0.943156975881316,0.926005074293388,0.957263737990747,0.960271486152148,0.962497570557087,0.949949610080606,0.931006962910516,0.950857543319835,0.902918983634644,0.830782012169939,0.880816762080498,0.919912289489415,0.875762245798659,0.8675678703325
"J혜화동","주말","kbad",1290.08125,876.2975,744.6445,549.04975,769.85575,1112.908,1523.48875,2113.59425,3587.592,4302.47525,4960.196,5553.82925,6460.439,6877.3505,6603.062,6262.606,6189.79625,5970.3715,5047.0075,3724.4135,3481.544,3137.4095,2599.1765,1737.36475
"J혜화동","주말","kgood",1447.48212121212,901.401818181818,669.90696969697,549.697575757576,765.261818181818,1168.29545454545,1649.15909090909,2220.23212121212,3799.09212121212,4541.37848484848,4954.40212121212,5550.36242424242,6446.96121212121,7056.72151515151,6704.48878787879,6096.51575757576,6239.86454545455,6156.90333333333,5413.40181818182,4076.40515151515,3805.11393939394,3357.45333333333,2925.75393939394,1990.7803030303
"J혜화동","주말","ratio",0.891258849483879,0.972149692095746,1.11156404349224,0.998821486966387,1.00600308509981,0.952591226534384,0.923797320948693,0.951969944856981,0.944328772647755,0.947394114882619,1.00116944055935,1.00062461250142,1.00209056444352,0.97458153694086,0.984871808860034,1.02724346971758,0.991976060523458,0.969703628068439,0.93231717679792,0.913651455527103,0.914964454534711,0.934461089555973,0.888378364633907,0.87270541473383
"J창신1동","주중","kbad",764.068636363636,526.435681818182,394.625,326.198068181818,562.1725,1179.25261363636,2486.07363636364,5396.39420454545,6019.69215909091,4451.96943181818,3774.60409090909,3718.30852272727,3843.24545454545,3926.21909090909,3734.80125,3745.29170454545,3812.30363636364,4342.61579545455,4837.73079545455,3340.87045454545,2689.63431818182,2717.73409090909,2285.9325,1841.69568181818
"J창신1동","주중","kgood",813.5912,555.7829,407.2766,338.5016,555.6929,1209.1079,2602.8912,5436.2775,6422.5313,4594.6232,3737.9922,3711.2574,3627.4107,3700.7603,3584.4437,3745.5831,3781.7434,4310.6087,5115.2223,3620.7373,2904.3501,2729.7381,2373.6235,2024.5163
"J창신1동","주중","ratio",0.939130900584515,0.947196615473743,0.968936098955845,0.963652958159779,1.01166039731658,0.975308004882247,0.955120074309536,0.99266349161636,0.937277200827485,0.968952020226203,1.00979453378985,1.00189992823653,1.0595010525126,1.06092228964656,1.04194724832754,0.999922202912934,1.00808099152461,1.00742519158711,0.945751819125152,0.922704459819677,0.926070971327395,0.995602505203371,0.963056061755371,0.909696643004643
"J창신1동","주말","kbad",845.855,584.2284375,483.1328125,386.5034375,415.6309375,787.0875,1121.05875,1581.50875,2525.6409375,2950.7184375,3415.3046875,4179.5415625,4254.1990625,4682.9984375,4334.1209375,4139.024375,3752.3809375,3511.9025,2745.2675,2275.5365625,2141.8909375,1994.9225,1591.405625,1273.368125
"J창신1동","주말","kgood",897.1275,613.69,469.356590909091,383.150681818182,439.529318181818,803.520681818182,1259.68545454545,1739.37590909091,2657.77613636364,3081.57227272727,3371.21386363636,3923.86181818182,3942.12954545455,4281.39136363636,4045.32454545455,3810.53181818182,3651.53,3536.61977272727,2903.34931818182,2477.24977272727,2279.56477272727,2055.03204545455,1757.59022727273,1436.29795454545
"J창신1동","주말","ratio",0.942848145887848,0.951992761003112,1.02935129037866,1.00875048862215,0.945627334302345,0.979548526640288,0.889951333449764,0.909239194204191,0.950283548318549,0.95753666516753,1.01307861964476,1.06516023146724,1.07916267424679,1.09380293454942,1.07139016630197,1.08620648573272,1.02761881663303,0.993011046050842,0.945551912340739,0.918573729444649,0.939605210225038,0.970750069037853,0.905447470238499,0.886562652944098
"J창신2동","주중","kbad",168.261650485437,112.931553398058,86.9357281553398,74.3927184466019,126.494563106796,303.614174757282,684.553300970874,1641.60708737864,1749.39262135922,1179.79038834951,975.743203883495,964.788640776699,1000.1340776699,994.568834951456,995.213786407767,1040.17990291262,1117.54184466019,1408.75601941748,1557.95417475728,960.955145631068,810.277475728155,842.605048543689,664.446116504854,400.620970873786
"J창신2동","주중","kgood",175.543387096774,113.552258064516,85.3627419354839,75.9022580645161,125.923225806452,306.264516129032,691.078548387097,1569.02048387097,1831.10387096774,1193.00725806452,965.015967741935,970.481451612903,966.824838709677,976.355806451613,963.987903225806,1052.30290322581,1094.60935483871,1323.53435483871,1618.31064516129,1033.83677419355,838.391935483871,792.377903225806,667.024838709677,429.613548387097
"J창신2동","주중","ratio",0.958518878257015,0.994533753207222,1.01842708170088,0.980112059161256,1.00453718761321,0.99134623427732,0.990557878794744,1.04626236830802,0.95537596151477,0.988921383649883,1.01111612294526,0.994134034373616,1.03445219612343,1.01865408940009,1.03239240147876,0.98847955253566,1.02095038720445,1.06438946164654,0.962704026829167,0.929503737551479,0.966466209220525,1.06338786722018,0.996133993735808,0.932514750472471
"J창신2동","주말","kbad",195.979428571429,137.755428571429,179.34,92.8677142857143,104.168857142857,207.67,318.767142857143,427.540285714286,730.095714285714,824.594285714286,918.374,1076.94285714286,1068.19457142857,1180.858,1114.70028571429,1107.38628571429,1113.34314285714,1068.03457142857,870.122285714286,697.164285714286,696.361428571429,654.788,503.313428571429,326.243428571429
"J창신2동","주말","kgood",212.462058823529,140.59,112.738235294118,94.4879411764706,103.002647058824,204.457058823529,336.111764705882,453.230588235294,731.520882352941,846.851176470588,885.593235294118,1004.51205882353,1002.34441176471,1127.03764705882,1072.16941176471,1017.81852941176,1031.39558823529,1037.40235294118,894.261470588235,753.773235294118,707.308823529412,638.408529411765,533.370588235294,338.662352941176
"J창신2동","주말","ratio",0.922420829660738,0.979838029528619,1.59076465523988,0.982852553769478,1.01132213702593,1.01571450354885,0.948396266748005,0.943317368271553,0.998051773911576,0.973718061242989,1.03701559971266,1.07210545426817,1.06569614085834,1.04775382000914,1.03966805383822,1.08799973051609,1.07945307848569,1.02952780895527,0.973006569478979,0.924899231056216,0.984522467988797,1.02565672266836,0.943646762069666,0.963329480640841
"J창신3동","주중","kbad",146.534594594595,100.33027027027,78.8994594594595,74.87,101.617387387387,179.493153153153,404.963693693694,1290.25648648649,1121.8645045045,597.764504504505,566.30027027027,520.518918918919,526.086936936937,572.869189189189,532.040540540541,693.743873873874,735.232612612613,1059.72477477477,1169.36666666667,786.919279279279,737.108918918919,795.452522522522,561.588828828829,354.294054054054
"J창신3동","주중","kgood",143.889692307692,90.7249230769231,72.5449230769231,67.0924615384615,92.2270769230769,150.675846153846,371.977384615385,1168.088,1179.65676923077,549.457538461538,531.102461538462,455.729846153846,508.115538461538,471.470769230769,480.504615384615,610.322769230769,627.384307692308,929.942,1133.72092307692,736.782307692308,707.229846153846,731.665538461539,495.836153846154,364.938307692308
"J창신3동","주중","ratio",1.01838145766026,1.10587330214877,1.08759450162761,1.11592268763429,1.10181728379121,1.19125365966011,1.08867826497682,1.10458842697338,0.951009254357986,1.08791755988684,1.06627310411978,1.14216552484298,1.03536872446336,1.21506830661815,1.10725375679206,1.13668358588071,1.17190150215424,1.13956007447214,1.03144137403145,1.06804855527002,1.04224803708097,1.08718052266765,1.13260968259906,0.970832731412707
"J창신3동","주말","kbad",179.328372093023,133.021162790698,176.648837209302,93.5169767441861,99.2667441860465,164.224186046512,231.604186046512,311.065813953488,462.857674418605,449.472325581395,517.764186046512,516.088372093023,597.907674418605,595.113255813954,610.057441860465,605.569534883721,658.783953488372,676.211627906977,614.810697674419,585.271162790698,509.260930232558,537.321627906977,413.633953488372,260.380465116279
"J창신3동","주말","kgood",173.138787878788,114.82303030303,92.4933333333333,76.6318181818182,79.3336363636364,125.56303030303,242.542121212121,252.231515151515,440.78303030303,353.685757575758,475.556060606061,399.458484848485,545.795454545455,493.539696969697,552.132424242424,501.373333333333,582.102424242424,583.788484848485,584.362727272727,550.028787878788,486.464545454545,506.141818181818,376.395757575758,286.254545454545
"J창신3동","주말","ratio",1.0357492638713,1.15848852307451,1.90985480621273,1.2203413538004,1.25125670189936,1.30790237898988,0.954902945884424,1.23325514564122,1.05008052170338,1.27082393326262,1.08875530970347,1.29196998353603,1.09547939514548,1.2058062592896,1.10491145796684,1.20782158647659,1.13173202180998,1.15831614609952,1.05210457303428,1.06407369157499,1.04686134887119,1.06160291168425,1.09893362282416,0.909611634997164
"J숭인1동","주중","kbad",259.578738738739,176.464504504505,133.896396396396,119.523333333333,196.568018018018,464.358648648649,990.98,2434.75594594595,2468.41648648649,1685.1754954955,1364.58405405405,1350.85342342342,1421.25936936937,1477.38531531532,1433.28261261261,1542.75306306306,1595.71225225225,1898.8818018018,2168.90531531532,1451.04954954955,1197.50891891892,1269.46459459459,1015.21900900901,648.627567567568
"J숭인1동","주중","kgood",293.374461538462,193.031692307692,145.758769230769,129.936307692308,207.328461538462,495.943384615385,1093.94676923077,2624.51338461538,2807.69323076923,1833.32953846154,1487.23938461538,1456.89753846154,1503.04153846154,1481.53984615385,1485.55861538462,1641.30507692308,1656.44246153846,2027.00384615385,2420.78861538462,1657.60615384615,1401.112,1365.51784615385,1119.84584615385,755.718923076923
"J숭인1동","주중","ratio",0.88480346031997,0.914173742119093,0.918616403685517,0.919860933838196,0.948099535198416,0.936313827451836,0.905875887084367,0.927698048795721,0.87916174724338,0.919188536562626,0.917528185556322,0.92721237270392,0.945588882942065,0.997195802158601,0.964810541818662,0.939955091076202,0.963336964189022,0.936792401950716,0.89594989894263,0.87538861157258,0.854684649706033,0.92965800349677,0.906570321706169,0.858292081567402
"J숭인1동","주말","kbad",326.493255813954,233.541162790698,206.810465116279,158.871860465116,175.958837209302,380.10488372093,494.579302325581,718.221395348837,1100.22302325581,1196.30837209302,1464.65790697674,1719.37860465116,1795.75813953488,1911.30744186047,1865.87139534884,1772.92906976744,1635.56488372093,1584.94302325581,1287.8923255814,1104.0588372093,979.185348837209,986.656511627907,757.584186046512,498.007441860465
"J숭인1동","주말","kgood",374.053636363636,258.605757575758,201.842727272727,164.755151515152,173.36696969697,373.79303030303,553.766363636364,780.402424242424,1178.62242424242,1272.10939393939,1486.57545454545,1641.58484848485,1683.89121212121,1838.27242424242,1759.99545454545,1695.92393939394,1633.76303030303,1646.61575757576,1453.99696969697,1285.43939393939,1137.97060606061,1121.64696969697,880.933939393939,622.737878787879
"J숭인1동","주말","ratio",0.872851441809145,0.903077970807679,1.02461192390073,0.964290700497494,1.0149501806305,1.01688595802009,0.893119074762641,0.920321840422332,0.933482174295977,0.940413126255098,0.985256350424936,1.04738942141073,1.06643358348118,1.03973024708138,1.06015693991137,1.04540600470621,1.00110288541513,0.962545764525695,0.885759979162685,0.858896064967927,0.860466292909731,0.879649781334021,0.85997842990101,0.799706359326987
"J숭인2동","주중","kbad",961.7823,646.844,493.1011,433.853,905.3464,1790.0251,3770.7711,9106.2466,9301.8333,6418.6874,5446.7435,5431.5173,5603.4271,5841.2626,5753.6907,5960.993,6066.5682,6851.4858,7815.451,5298.0164,4057.8238,4220.9801,3494.9566,2222.5854
"J숭인2동","주중","kgood",964.473521126761,629.905915492958,485.407605633803,409.385211267606,778.581126760563,1789.86873239437,3903.51436619718,9369.06718309859,9973.74549295775,6791.90774647887,5467.43943661972,5410.1585915493,5358.82211267606,5491.43042253521,5516.03647887324,5898.02126760563,6017.83126760563,6976.31901408451,8305.7723943662,5713.50042253521,4461.87394366197,4229.55352112676,3811.53366197183,2543.10887323944
"J숭인2동","주중","ratio",0.997209647473145,1.0268898641693,1.01584955463595,1.05976715342656,1.16281575404591,1.0000873626109,0.96599390863098,0.971948052248712,0.932631909102536,0.945049261502063,0.996214693027763,1.00394788952843,1.04564528961418,1.06370510969768,1.0430842366683,1.01067675573505,1.00809875355873,0.982106148839742,0.940966189405963,0.927280302475089,0.909443846069224,0.99797297254097,0.916942341312537,0.873963920061688
"J숭인2동","주말","kbad",1202.44722222222,844.063333333333,725.073055555556,573.318333333333,721.483333333333,1384.94638888889,1722.61388888889,2663.43583333333,3855.11111111111,4661.20694444444,5393.8425,6407.62083333333,6514.09416666667,7119.69194444444,6775.56666666667,6497.49555555556,5759.13611111111,5542.14194444444,4284.96166666667,3650.79861111111,3225.90805555556,3213.46888888889,2465.73805555556,1593.24555555556
"J숭인2동","주말","kgood",1152.09833333333,789.490277777778,614.731666666667,512.733888888889,604.962777777778,1300.825,1769.15583333333,2678.1875,3843.49944444444,4511.29083333333,5082.03222222222,5788.92638888889,5663.83222222222,6190.02944444444,5809.90611111111,5677.46166666667,5377.25888888889,5321.66888888889,4428.4225,3757.31888888889,3423.93416666667,3270.24833333333,2654.17888888889,1758.01833333333
"J숭인2동","주말","ratio",1.04370190237427,1.06912441747752,1.17949520883999,1.11815962579679,1.19260780966322,1.06466772155278,0.973692569321747,0.994491921619877,1.00302111834137,1.0332313115358,1.06135543108411,1.10687550728438,1.15012131558354,1.15018708850155,1.16620932199038,1.144436710811,1.07101707954053,1.0414293072641,0.967604528851226,0.971649923541816,0.942164159276492,0.98263757407482,0.929002210769516,0.906273572548384
"N월계1동","주중","kbad",956.201023622047,592.133070866142,430.167322834646,387.625984251968,511.113385826772,1271.50212598425,2597.75433070866,5376.90606299213,5396.33771653543,4076.0325984252,3701.27448818898,3729.8931496063,3578.50181102362,3853.94244094488,4033.77732283465,4409.14362204724,5134.10401574803,5529.37874015748,7102.88937007874,5459.21724409449,3988.04527559055,3662.29606299213,3563.23204724409,2010.1388976378
"N월계1동","주중","kgood",1083.96972972973,679.590810810811,510.008648648649,434.123108108108,584.87027027027,1427.67905405405,2757.35094594595,5636.65297297297,5740.95837837838,4220.27027027027,3826.26135135135,3828.35945945946,3706.83405405405,3870.69283783784,4177.93594594595,4547.6522972973,5325.33202702703,5789.71864864865,7423.82972972973,6066.52824324324,4556.99432432432,4048.93202702703,3779.01418918919,2288.83851351351
"N월계1동","주중","ratio",0.882128898433779,0.871308236436681,0.843451035535269,0.892894151479813,0.873891889889675,0.890607817193703,0.942119585658135,0.953918236367167,0.939971579807849,0.965822645800399,0.967334467856402,0.974279763722327,0.965379555394426,0.99567250681087,0.965495252924788,0.969542817657284,0.964090875402984,0.955034100223172,0.95676889539024,0.899891507168838,0.875148177012897,0.904509149214146,0.942899885752641,0.878235352022325
"N월계1동","주말","kbad",1320.41186046512,867.621162790698,675.716744186047,548.642790697674,562.628139534884,1319.90674418605,1356.07279069767,2130.45976744186,2757.66209302326,3410.93744186047,3790.37697674419,4048.22930232558,4334.01139534884,4627.21023255814,4587.85139534884,4798.29325581395,5193.96162790698,5285.41860465116,4673.18069767442,4131.14139534884,3718.84209302326,3459.24651162791,2797.18581395349,1665.65627906977
"N월계1동","주말","kgood",1514.54305555556,996.200555555556,749.208611111111,621.031944444444,642.360277777778,1358.755,1528.72888888889,2251.64194444444,3020.27722222222,3658.31583333333,3962.75861111111,4254.91333333333,4443.60222222222,4788.66527777778,4782.04027777778,4957.44055555556,5298.14833333333,5561.11694444444,5110.29666666667,4671.55027777778,4281.70333333333,3940.09666666667,3118.98305555556,2005.72944444444
"N월계1동","주말","ratio",0.871821937066537,0.87093021375284,0.901907338176382,0.883437310440565,0.875876294034363,0.971408932578755,0.887059046606554,0.946180529590159,0.913049329622218,0.932379159497701,0.956499587463242,0.951424620241129,0.975337390388967,0.966283915067339,0.959392043740966,0.967897285311217,0.980335260760658,0.950423926965121,0.914463680387978,0.884319155249249,0.868542681150241,0.877959807659856,0.896826229617093,0.83044913344787
"N월계2동","주중","kbad",855.698897637795,592.697874015748,420.959212598425,419.697007874016,487.227480314961,1008.17149606299,1722.31708661417,3766.54078740158,3371.28503937008,3298.96165354331,2583.95196850394,2460.58905511811,2640.41228346457,2841.39606299213,2830.03779527559,3032.41165354331,3372.5905511811,3813.31409448819,4166.28929133858,3521.17488188976,2925.13448818898,2715.38850393701,2405.23645669291,1626.18354330709
"N월계2동","주중","kgood",939.921891891892,639.79472972973,454.834189189189,438.460405405405,552.350810810811,1150.04783783784,2058.46283783784,4426.21351351351,3829.04067567568,3556.83837837838,2775.69337837838,2610.58337837838,2822.97797297297,2945.16621621622,2992.31324324324,3284.79067567568,3705.92878378378,4212.15391891892,4683.05689189189,4068.50310810811,3352.91027027027,3132.75121621622,2803.61756756757,1839.60216216216
"N월계2동","주중","ratio",0.910393624214273,0.926387552873596,0.925522360904418,0.957206175745696,0.882097881959739,0.876634399798897,0.836700597628109,0.850962289980383,0.880451613059759,0.927498329302035,0.930921256876557,0.942543753054369,0.935328687911744,0.964765943377753,0.94576923110103,0.923167395718312,0.910052714973562,0.905312143832319,0.889651650090345,0.865471842671676,0.872416573185893,0.866774383449668,0.857904617418883,0.883986536195285
"N월계2동","주말","kbad",1118.42069767442,804.986279069767,616.034186046512,541.82488372093,532.688372093023,841.278604651163,1051.28279069767,1440.91209302326,2101.08651162791,2554.25069767442,2677.65069767442,2725.90813953488,3083.00860465116,3269.70651162791,3361.56651162791,3403.9088372093,3335.7588372093,3436.58,3224.85906976744,2792.35395348837,2665.78046511628,2455.74906976744,2028.65534883721,1376.19093023256
"N월계2동","주말","kgood",1223.22722222222,869.266388888889,639.566388888889,572.020833333333,574.105833333333,977.634722222222,1230.43222222222,1610.62,2286.30361111111,2751.2525,2864.11833333333,2932.38111111111,3173.51055555556,3424.1475,3422.90833333333,3466.84555555556,3528.08694444444,3726.48166666667,3658.505,3243.02972222222,3091.18805555556,2953.13333333333,2414.13638888889,1643.71138888889
"N월계2동","주말","ratio",0.914319659795174,0.926052461430971,0.963206004488042,0.947211800947104,0.92785744572593,0.86052447353638,0.85440121910901,0.894631938646767,0.91898840618408,0.928395593524919,0.934895275279391,0.929588629938353,0.971482070306664,0.954896514133199,0.98207903463027,0.981846114187176,0.945486573810775,0.922204993181683,0.881469089086236,0.861032488957569,0.862380553109759,0.831574057983873,0.840323420902869,0.83724608805128
"N월계3동","주중","kbad",1516.44225352113,968.518309859155,679.087323943662,662.42014084507,860.21014084507,1933.23464788732,3476.81394366197,5878.06450704225,5680.20253521127,5227.04408450704,4996.12915492958,4943.94394366197,4934.68492957746,5671.9114084507,5803.41957746479,6252.8476056338,6649.31253521127,7334.68366197183,8202.76591549296,6609.03323943662,5437.98605633803,5139.31957746479,4575.48408450704,2985.75169014084
"N월계3동","주중","kgood",1587.80296296296,1010.55277777778,717.7,667.607037037037,866.385462962963,2040.86583333333,3707.38083333333,6242.29324074074,6048.65916666667,5302.49268518519,4959.46944444444,4808.95259259259,4839.87777777778,5344.29685185185,5546.14416666667,6086.49416666667,6764.66333333333,7296.52342592593,8183.1537962963,6919.95898148148,5828.17277777778,5365.39296296296,4855.02962962963,3110.15453703704
"N월계3동","주중","ratio",0.955056949063332,0.958404480356724,0.94619942029213,0.992230614861421,0.992872315635614,0.947261998467476,0.937808684881165,0.941651454096817,0.9390845770438,0.985771107070276,1.00739186134642,1.02807084255256,1.01958874916945,1.06130171389812,1.04638815780239,1.02733156960508,0.982948035631919,1.00522992030839,1.00239664555804,0.955068268052321,0.933051620753679,0.957864524172088,0.942421454358063,0.960001072160643
"N월계3동","주말","kbad",2054.21518518519,1395.00851851852,1044.07185185185,898.013333333333,881.542592592593,1472.01222222222,1820.04037037037,2526.31,3766.75851851852,4791.43740740741,5143,5608.96,5965.89407407407,6438.79148148148,6515.74259259259,6720.76518518519,6859.91777777778,6960.35185185185,6248.75222222222,5454.21666666667,5075.97777777778,4812.78777777778,3682.75814814815,2342.60037037037
"N월계3동","주말","kgood",2198.698,1461.0924,1050.6202,898.3586,945.1302,1610.1296,1951.5418,2727.9856,4023.6164,5021.809,5321.0564,5758.6474,5897.422,6374.5412,6351.1928,6543.257,6630.9952,6972.1322,6455.2106,5714.1402,5448.3828,5145.5806,3994.4356,2547.1788
"N월계3동","주말","ratio",0.934287103178875,0.954770908751916,0.993767159485275,0.99961566943683,0.932720796132208,0.914219713880313,0.932616647191656,0.926071603897029,0.936162433008902,0.95412577567315,0.966537396596661,0.974006500206976,1.01161050948602,1.01007920091276,1.02590848644881,1.0271284140582,1.03452311016268,0.998310366497619,0.968016786659481,0.954512223320434,0.931648521057988,0.935324534179443,0.921972092414795,0.919684307348338
"N공릉1동","주중","kbad",2647.53656716418,1721.95432835821,1289.42179104478,1143.25955223881,1459.46,3233.2023880597,5895.67671641791,12529.8694029851,11831.696119403,9320.25895522388,8338.66343283582,8387.30597014925,8505.87343283582,9141.32552238806,9345.31074626866,10149.7225373134,11291.8065671642,12908.6367164179,15363.9737313433,11732.9437313433,9204.06462686567,8762.75343283582,7538.2652238806,4993.9723880597
"N공릉1동","주중","kgood",2969.74884955752,1955.80353982301,1457.18805309735,1255.79530973451,1587.40194690265,3549.83460176991,6853.5885840708,13640.7224778761,13270.3061946903,10252.0024778761,9061.17796460177,9083.3607079646,9095.21707964602,9474.22628318584,9851.2889380531,10968.0696460177,12411.3520353982,14196.4380530973,16618.0660176991,13575.2304424779,10675.2138938053,9720.10194690265,8618.33469026549,5686.26088495575
"N공릉1동","주중","ratio",0.891501841160288,0.880433179149496,0.884869861720338,0.910386862712922,0.9194016694056,0.910803671373213,0.860232073182905,0.918563472228636,0.891591794930632,0.909115948356145,0.920262626494203,0.923370351547856,0.935202904818064,0.964862485774845,0.948638376666634,0.925388228273934,0.909796655107275,0.909287010455523,0.924534402196973,0.864290575475614,0.862190183580928,0.901508387535802,0.874677706865476,0.87825242089619
"N공릉1동","주말","kbad",3498.7124,2402.918,1886.1984,1538.5044,1557.2428,2465.7416,3260.8856,4177.6612,6514.4016,7842.6112,8574.8816,9065.8684,9807.2704,10110.02,10270.0008,10787.2892,11530.7044,11917.7888,10787.2624,9112.8432,8242.0292,7820.07,6557.6044,4346.8376
"N공릉1동","주말","kgood",3875.42,2634.5948,1993.2798,1659.9926,1728.5832,2795.6652,3875.6998,5034.257,7494.5422,8905.4954,9601.2654,10129.2368,10829.248,11318.0008,11435.6764,11739.0384,12183.5816,13106.6856,12289.4624,10759.4216,9863.9616,8995.8768,7487.0366,4829.5552
"N공릉1동","주말","ratio",0.902795671178866,0.912063593232629,0.946278791366872,0.926814011098604,0.9008781295572,0.881987442559288,0.841366919078717,0.829846628807389,0.869219416764376,0.880648503844042,0.893099111706672,0.895019889356323,0.905628017753403,0.893269065681635,0.898066755369188,0.918924432515699,0.946413360091092,0.909290812621613,0.877765198256353,0.846964041264077,0.835569878941946,0.869294919645854,0.875861138437603,0.900049263335887
"N공릉2동","주중","kbad",2539.9865625,1740.3365625,1287.21609375,1197.05265625,1493.31859375,2909.25828125,5695.8678125,11795.5003125,12540.19875,10714.95,9820.4290625,10617.10984375,11114.735625,10926.02609375,10978.12375,11043.944375,11555.470625,12759.4184375,12713.55625,9690.19875,7591.0728125,7294.22125,6068.42,4123.49796875
"N공릉2동","주중","kgood",2531.75155172414,1744.48362068966,1322.37422413793,1192.42577586207,1464.49913793103,2902.35086206897,5880.0675862069,11703.6575,11897.2514655172,9965.98344827586,8957.70706896552,9386.60146551724,9532.83775862069,9424.05293103448,9701.60405172414,10129.6826724138,10807.1037068966,12144.2605172414,12396.3718103448,9992.64905172414,7904.68603448276,7218.94577586207,6132.67965517241,4155.14456896552
"N공릉2동","주중","ratio",1.0032526930892,0.997622758883792,0.973412873794594,1.00388022506859,1.01967871135771,1.00237993940406,0.96867386794346,1.00784735989583,1.05404166553479,1.07515229737349,1.09631058337724,1.13109200201512,1.16594196884855,1.15937656268561,1.13157821031142,1.09025571009011,1.0692476854484,1.05065420981255,1.02558687691107,0.969732720506986,0.960325657386685,1.01042748851081,0.989521765559984,0.992383754718937
"N공릉2동","주말","kbad",2934.17173913043,2073.06782608696,1585.22086956522,1382.23347826087,1421.75434782609,2121.80217391304,3144.69086956522,4414.43391304348,6431.27130434783,8326.13913043478,9068.29913043478,9599.24652173913,10476.3191304348,10734.3465217391,10588.737826087,10853.477826087,10920.1126086957,10815.8317391304,9598.36173913043,8004.59173913043,6979.17913043478,6520.8352173913,5100.52,3547.7052173913
"N공릉2동","주말","kgood",2975.70595744681,2080.43829787234,1606.4585106383,1389.50978723404,1483.08531914894,2354.71042553192,3694.07425531915,5111.23574468085,7029.04106382979,8523.12531914894,9103.00276595745,9544.99276595745,10213.0827659574,10697.9714893617,10432.1010638298,10478.329787234,10807.8965957447,10919.7474468085,10010.4555319149,8703.83936170213,7528.9514893617,6785.06829787234,5326.67106382979,3705.25212765957
"N공릉2동","주말","ratio",0.986042230344556,0.996457250477978,0.98677983842568,0.994763398545283,0.958646363408112,0.901088367769783,0.851279820657945,0.863672531175554,0.914957139380224,0.976888033281455,0.996187671649135,1.00568400177056,1.02577442781084,1.00340018034387,1.01501488159468,1.03580227445313,1.01038278003096,0.990483689464041,0.9588336623173,0.919662163613857,0.926978894776551,0.961056680805425,0.957543640085936,0.957480110707666
"N하계1동","주중","kbad",1034.56356435644,619.094950495049,429.567821782178,396.201683168317,580.530891089109,1229.39762376238,2425.90198019802,5373.49316831683,5364.50495049505,4652.46435643564,4348.01712871287,4286.22910891089,4841.23504950495,5169.66485148515,5049.14712871287,5398.46207920792,5554.11267326733,6028.75306930693,6362.93752475247,5141.05574257426,4009.32811881188,3931.08653465347,3016.97207920792,1974.04188118812
"N하계1동","주중","kgood",1264.32928571429,783.055833333333,541.793095238095,482.32380952381,658.504047619048,1348.485,2819.39273809524,6581.98107142857,6028.13761904762,5214.65071428571,4866.46547619048,4802.51095238095,5203.45190476191,5515.3705952381,5579.61333333333,6022.56595238095,6331.05,6817.79345238095,7103.4219047619,6110.76071428571,4906.15416666667,4550.57226190476,3664.08928571429,2397.66357142857
"N하계1동","주중","ratio",0.818270664174291,0.790614058591032,0.792863226862279,0.821443344377878,0.881590467345089,0.91168802304985,0.860434215999628,0.816394503418187,0.889910829763469,0.892190984851595,0.893465113435172,0.8924975187794,0.930389122089228,0.937319580292315,0.904927783892947,0.896372430271801,0.877281441983135,0.884267484988348,0.895756666302894,0.841311905824674,0.817203859196274,0.863866412486768,0.823389345606458,0.823318961305296
"N하계1동","주말","kbad",1274.92605263158,809.055,598.223157894737,495.427894736842,525.591052631579,844.831052631579,1214.62342105263,1819.84078947368,3339.00210526316,3839.115,4379.49789473684,4348.39763157895,5411.80026315789,5330.64,5428.57131578947,5278.94815789474,5332.66236842105,5297.92947368421,4722.43657894737,3747.21473684211,3257.02131578947,3084.74736842105,2153.77342105263,1458.21342105263
"N하계1동","주말","kgood",1572.78175,986.37775,716.2245,582.11975,650.63125,1029.6175,1509.92225,2168.74525,3884.84775,4400.02025,4947.013,4999.219,5863.6165,5882.08075,5840.33325,5711.89275,5886.423,6115.505,5645.99725,4721.4005,4173.50725,3836.56525,2835.6765,1935.50875
"N하계1동","주말","ratio",0.810618544265013,0.820228355718689,0.835245314694955,0.851075564326485,0.807817104744936,0.820529033968031,0.804427791598297,0.839121510225179,0.859493684215336,0.872522120778876,0.885281258556798,0.869815391479939,0.92294580710691,0.906250734487112,0.929496842631279,0.924202954947769,0.905925783522702,0.866311036240541,0.836422047309245,0.793665933835121,0.780403895498079,0.80403881269087,0.759527196086236,0.753400583207196
"N하계2동","주중","kbad",902.215844155844,553.83961038961,377.014025974026,343.321688311688,430.333636363636,1144.05571428571,2169.77688311688,4554.64116883117,3870.21831168831,3208.97311688312,2929.91844155844,2963.57662337662,3104.04467532468,3382.00168831169,3516.24480519481,3810.46194805195,4264.33974025974,4866.18987012987,5643.10623376623,4402.2538961039,3476.78181818182,3496.59298701299,2938.85688311688,1891.56818181818
"N하계2동","주중","kgood",1005.82262626263,623.154343434343,426.785555555556,370.701818181818,484.547474747475,1176.83696969697,2375.2701010101,4742.19232323232,4226.56272727273,3515.94464646465,3175.41747474747,3101.47444444444,3263.82080808081,3483.73838383838,3606.35575757576,4007.06080808081,4527.49252525253,5096.57515151515,5848.86484848485,4875.85848484849,3956.18323232323,3728.38343434343,3259.86,2065.01060606061
"N하계2동","주중","ratio",0.896992989219423,0.888767953276673,0.883380473088549,0.926139747562013,0.888114496082985,0.972144607744863,0.91348637874664,0.960450538144071,0.915689311012698,0.912691592033397,0.922687635518364,0.955537979261821,0.951046291401615,0.97079668898254,0.97501329362982,0.950936891291395,0.941876704704641,0.954796059209136,0.964820760942712,0.902867445760312,0.8788222420477,0.93783084508011,0.901528557397214,0.916008942649792
"N하계2동","주말","kbad",1229.66344827586,801.458965517241,584.394827586207,475.83,461.958275862069,756.458620689655,1051.72344827586,1519.25413793103,2435.12896551724,3047.07448275862,3297.46551724138,3417.01103448276,3939.99482758621,4171.68310344828,4330.30482758621,4391.54448275862,4402.03482758621,4516.16206896552,4047.66137931034,3309.50896551724,3098.52896551724,2946.00275862069,2280.36827586207,1467.17586206897
"N하계2동","주말","kgood",1397.1,897.669347826087,628.203260869565,513.998695652174,530.269565217391,876.887826086957,1215.7047826087,1697.15891304348,2737.30630434783,3300.04934782609,3554.52326086957,3692.28195652174,4031.80130434783,4292.00934782609,4330.76391304348,4345.7797826087,4533.5952173913,4663.72652173913,4278.58543478261,3601.57630434783,3424.79,3262.94782608696,2604.23586956522,1695.7202173913
"N하계2동","주말","ratio",0.880154211062817,0.892822025680345,0.930263919320129,0.925741648811493,0.87117629629127,0.862662929265756,0.865114181766269,0.89517494576073,0.88960777303197,0.923342096313162,0.927681513169983,0.925446938971504,0.977229414390382,0.971965055379305,0.999893994346843,1.01053083737309,0.970981002163488,0.968359111091577,0.946027943348992,0.918905691800004,0.904735462763335,0.902865419749491,0.875638148799011,0.865222839842099
"N중계본동","주중","kbad",699.334444444444,430.458703703704,319.742685185185,262.479537037037,320.133333333333,461.1875,741.561018518518,1838.12861111111,1786.46592592593,1636.77898148148,1580.77888888889,1669.9887962963,1851.68361111111,1970.40916666667,2019.89046296296,2283.12018518519,2450.9437962963,2902.02907407407,2713.20583333333,2480.33824074074,1968.80611111111,2126.24398148148,1651.99175925926,1205.51944444444
"N중계본동","주중","kgood",577.707204301075,335.23,234.991290322581,190.115376344086,255.459032258065,431.662580645161,769.56752688172,2125.45741935484,1682.15688172043,1506.2135483871,1464.67193548387,1513.98365591398,1566.61279569892,1666.33967741935,1789.59408602151,2075.33623655914,2279.91483870968,2716.29505376344,2506.30483870968,2304.22655913978,1796.85774193548,1858.20548387097,1506.63548387097,1068.96021505376
"N중계본동","주중","ratio",1.21053440088309,1.28406975420966,1.36065760031473,1.38063286665451,1.2531689739196,1.06839814401033,0.963607471229089,0.864815542467586,1.06200910589196,1.08668454299472,1.079271644791,1.10304281672588,1.18196635198872,1.18247749445553,1.12868637572078,1.10012061899451,1.07501550263317,1.06837770442254,1.08255220651059,1.07642984623296,1.09569392454542,1.14424588665627,1.09647740076772,1.12774959017891
"N중계본동","주말","kbad",929.41475,604.46825,448.767,352.4375,354.96475,411.80175,540.6995,936.31925,1696.88625,2250.32325,2305.27675,2399.0615,2673.4825,2791.745,2534.9645,2475.0275,2425.50275,2574.17225,2292.40375,1969.61475,1830.652,1910.2745,1386.21175,1033.1245
"N중계본동","주말","kgood",774.326190476191,492.284761904762,352.18,267.281904761905,294.747619047619,406.289523809524,615.352857142857,994.442619047619,1730.24619047619,2159.42476190476,2253.46571428571,2270.01761904762,2402.5380952381,2542.4330952381,2303.03047619048,2299.79476190476,2305.32571428571,2452.075,2199.41023809524,1889.04071428571,1714.92880952381,1785.58904761905,1291.64595238095,956.637380952381
"N중계본동","주말","ratio",1.20028840743258,1.22788332440187,1.27425464251235,1.31859843005067,1.20430065269722,1.01356723682853,0.878682033769243,0.941551812106279,0.980719541149801,1.04209384355446,1.022991712448,1.0568470834189,1.11277423875148,1.09806036006566,1.10070818697683,1.07619494617429,1.05213017621309,1.04979344024958,1.0422811125883,1.04265341403441,1.06747988011719,1.06982875065638,1.07321340452833,1.07995413995998
"N중계1동","주중","kbad",697.427314814815,409.072314814815,293.173240740741,246.198333333333,360.578055555556,523.213611111111,837.578055555556,2166.55101851852,2040.86583333333,2000.49046296296,1884.49842592593,1937.33657407407,2389.78481481482,2513.4087962963,2659.20388888889,3074.02157407407,3334.48907407407,3923.12268518519,3586.29444444444,3059.48657407407,2457.35694444444,2675.87388888889,1870.46092592593,1316.24027777778
"N중계1동","주중","kgood",742.686559139785,431.82,307.460215053763,247.460430107527,352.635698924731,553.769677419355,951.146021505376,2635.12225806452,2201.81430107527,1931.88989247312,1853.67333333333,1916.07086021505,2198.89247311828,2300.35741935484,2523.46096774194,2956.69612903226,3305.39150537634,3995.18258064516,3693.9823655914,3240.80989247312,2625.53741935484,2725.02247311828,2039.14032258065,1402.00956989247
"N중계1동","주중","ratio",0.939060100431343,0.947321371902216,0.953532282833653,0.994899803683178,1.0225228377474,0.944821705567847,0.880598810926973,0.822182352977368,0.926901888291244,1.03550956540387,1.01662919352525,1.01109860511977,1.08681294971456,1.0926166408528,1.05379236012849,1.03968126581889,1.00880306270843,0.981963303552365,0.970847743576136,0.94404999848335,0.935944361839748,0.981963971044558,0.917279161817934,0.938824032334335
"N중계1동","주말","kbad",959.784,625.63975,450.2515,353.8835,382.0775,457.04725,595.42275,1023.785,2010.39175,2893.4175,2595.80175,2825.449,3374.02825,3546.18275,3236.25,3201.237,3283.34425,3499.9295,2989.534,2521.32775,2287.393,2347.58525,1554.1705,1080.20625
"N중계1동","주말","kgood",995.720476190476,642.347142857143,455.834523809524,347.686428571429,380.123333333333,505.250714285714,662.457142857143,1108.25261904762,2185.37119047619,2922.77738095238,2714.71404761905,2842.78976190476,3287.45142857143,3488.97238095238,3144.71714285714,3136.63047619048,3176.36119047619,3482.03880952381,3143.89238095238,2710.37333333333,2515.70595238095,2595.31833333333,1760.57619047619,1230.32571428571
"N중계1동","주말","ratio",0.963909071823083,0.973990087691791,0.98775208213089,1.01782373690579,1.00514087532994,0.904594960634819,0.898809464763219,0.923783063900894,0.919931478350796,0.989954800819345,0.956197118542434,0.993900089926754,1.02633554390374,1.01639748407295,1.02910686493721,1.0205974290883,1.03368101204755,1.00513799284122,0.950902142233755,0.93025109087063,0.909244976677473,0.904546166783651,0.882762420852481,0.877983965918433
"N중계4동","주중","kbad",703.461395348837,445.821046511628,330.186395348837,289.293604651163,336.777558139535,589.257906976744,1051.86627906977,2489.71360465116,2380.80197674419,2142.37244186047,2019.3538372093,2002.01255813953,2166.68930232558,2207.55476744186,2289.36034883721,2494.56488372093,2713.8073255814,2977.77441860465,3429.88465116279,2854.0788372093,2249.02988372093,2210.81093023256,1839.02476744186,1289.28406976744
"N중계4동","주중","kgood",704.920352941176,436.733176470588,327.389176470588,271.132117647059,325.674941176471,578.408117647059,1088.63282352941,2734.12776470588,2462.59305882353,2041.45105882353,1987.85952941176,1932.35070588235,2049.29117647059,2051.20152941176,2188.74694117647,2446.15423529412,2647.216,2919.39635294118,3394.10211764706,2974.21423529412,2328.04411764706,2191.92541176471,1862.39411764706,1298.054
"N중계4동","주중","ratio",0.997930322785756,1.0208087466917,1.00854401757689,1.06698390128662,1.03409109992607,1.01875801704482,0.96622686394808,0.910606167272139,0.966786602526031,1.04943610212977,1.01584332661919,1.03605031532067,1.05728718651743,1.07622519571489,1.04596849721086,1.01979051350415,1.0251552293358,1.01999662211151,1.01054256244374,0.95960768506209,0.966059821063018,1.00861594941438,0.987451984526925,0.993243786288892
"N중계4동","주말","kbad",911.884848484848,628.409393939394,498.542727272727,395.666666666667,391.894242424242,525.518181818182,703.725151515152,1080.09454545455,1750.91454545455,2244.02181818182,2468.61727272727,2467.71666666667,2678.1803030303,2778.43181818182,2792.04060606061,2781.7803030303,2835.53878787879,2915.3403030303,2642.21787878788,2217.41666666667,1977.58939393939,1887.00333333333,1504.22090909091,1091.31878787879
"N중계4동","주말","kgood",850.906756756757,585.752702702703,440.247027027027,346.16,346.52027027027,499.652162162162,711.205945945946,1035.61,1713.52243243243,2084.27648648649,2332.21027027027,2282.74297297297,2482.41351351351,2575.77756756757,2596.12702702703,2544.18216216216,2621.39054054054,2786.58351351351,2652.1172972973,2260.71189189189,2054.9972972973,1894.2827027027,1520.01783783784,1104.33675675676
"N중계4동","주말","ratio",1.07166248386663,1.07282372072697,1.13241588623407,1.14301671673985,1.13094175448548,1.05176805308735,0.989481535589745,1.04295492072744,1.02182178202887,1.07664306186394,1.05848829507178,1.08103132761057,1.0788614743076,1.07867692193842,1.0754637877862,1.09338880855379,1.08169261467392,1.04620596830936,0.996267352684775,0.980848853239325,0.96233187096659,0.996157189547799,0.989607405680581,0.988211957269085
"N중계2,3동","주중","kbad",1080.68191304348,640.795130434783,422.663565217391,377.63347826087,526.309913043478,1359.12139130435,2641.60513043478,6366.52182608696,6053.54,4886.18156521739,4398.3567826087,4488.68330434783,4854.146,5116.66608695652,5139.9747826087,5595.21139130435,6134.4487826087,6832.23113043478,8119.79704347826,6468.38747826087,4858.33939130435,4701.74365217391,3836.07530434783,2334.54295652174
"N중계2,3동","주중","kgood",1204.97185185185,702.252839506173,474.146543209877,394.648641975309,550.280617283951,1378.38234567901,2954.63283950617,7148.94518518519,6520.9762962963,5146.09259259259,4573.76617283951,4602.25777777778,4795.12580246914,4981.66172839506,5080.97975308642,5642.11172839506,6268.73148148148,6907.14185185185,8251.94469135803,6929.14444444444,5300.22358024691,4935.11407407407,4198.01283950617,2554.87913580247
"N중계2,3동","주중","ratio",0.896852413093833,0.912484926206055,0.891419691380737,0.956885285023979,0.95643912671541,0.98602640665339,0.894055293474736,0.890554013378134,0.928318050080663,0.949493519073224,0.961648806781499,0.975322009562708,1.01230837311932,1.02710026612043,1.01161095544347,0.99168744977972,0.978578967807208,0.989154599250487,0.983985878138742,0.933504493970681,0.916629141723493,0.952712253780284,0.913783604530156,0.913758668191744
"N중계2,3동","주말","kbad",1518.21707317073,979.916341463415,705.648048780488,560.185853658537,582.809024390244,1046.03146341463,1338.4887804878,2151.95707317073,3612.68926829268,4724.50341463415,5291.96463414634,5543.80756097561,6363.34219512195,6669.98780487805,6861.79951219512,6706.91829268293,6912.39121951219,6769.99658536585,6098.07170731707,4989.44365853659,4372.69292682927,3867.30243902439,2874.54390243902,1860.01609756098
"N중계2,3동","주말","kgood",1654.20675675676,1052.80405405405,722.972972972973,565.943513513513,611.73972972973,1170.17135135135,1542.08432432432,2439.78783783784,4039.15,4886.58027027027,5384.43324324324,5670.76540540541,6240.23972972973,6497.19567567568,6532.78324324324,6457.91621621622,6650.46594594595,6796.29972972973,6414.5127027027,5438.35567567568,4910.5827027027,4296.21135135135,3296.64864864865,2262.57621621622
"N중계2,3동","주말","ratio",0.917791604326023,0.930768016792898,0.976036553453385,0.989826440771037,0.952707493181344,0.893913068549015,0.867973793245239,0.882026313844492,0.894418198950938,0.966832253504114,0.982826677401389,0.977611868001314,1.01972720131339,1.02659487844106,1.0503638735132,1.03855765050675,1.03938449962681,0.996129784528364,0.950667960287568,0.91745445794453,0.890463146954558,0.900165779276187,0.87195943784223,0.822078869312763
"N상계1동","주중","kbad",1728.88777777778,1101.08416666667,809.798611111111,787.088055555556,1041.85958333333,2168.88847222222,3778.81861111111,7365.38708333333,7686.05055555556,6685.27277777778,6084.14722222222,6079.11305555556,6140.27736111111,6466.88666666667,6746.17194444444,7358.77777777778,8275.10888888889,9373.43305555556,10675.3802777778,8080.85236111111,5971.47583333333,5525.07111111111,4525.08222222222,3080.95958333333
"N상계1동","주중","kgood",1905.42421052632,1240.14336842105,914.787473684211,845.727368421053,1138.16705263158,2367.99568421053,4119.69747368421,7916.41494736842,8253.52305263158,7119.88578947368,6546.28673684211,6496.27452631579,6482.62621052632,6676.83431578947,7099.51084210526,7727.05326315789,8781.15568421053,9832.92852631579,10871.7157894737,9234.24621052632,6783.10610526316,5979.47242105263,4989.43463157895,3422.24768421053
"N상계1동","주중","ratio",0.907350587982833,0.887868447072022,0.8852314164838,0.930664047239035,0.915383713598482,0.91591740926053,0.917256336235715,0.930394267140044,0.931244815885613,0.938957867507025,0.929404327491646,0.935784507093973,0.947189790326132,0.968555809655735,0.950230529184453,0.952339465920854,0.942371276228303,0.953269723304661,0.981940706002818,0.875096047569056,0.880345337470092,0.924006454425368,0.906932860405112,0.900273699518647
"N상계1동","주말","kbad",2339.10961538462,1565.01115384615,1186.97846153846,1054.37115384615,1142.13153846154,1778.07961538462,2326.60576923077,3242.97384615385,5113.455,7076.94692307692,8000.27269230769,7960.22384615385,8438.09115384615,8764.78692307692,9263.89038461538,9397.995,9931.44615384615,10017.6126923077,8828.55769230769,6727.62,5877.03269230769,5203.09115384615,3874.60807692308,2625.75884615385
"N상계1동","주말","kgood",2427.71219512195,1666.62756097561,1241.65073170732,1097.7087804878,1215.19048780488,1963.29390243902,2628.90073170732,3640.61048780488,5640.55414634146,7548.29682926829,8636.36268292683,8488.85317073171,8845.75414634146,9142.72536585366,9545.67219512195,9545.57707317073,9953.08219512195,9984.41024390244,9197.42682926829,7555.30268292683,6652.36682926829,5762.18731707317,4377.39341463415,2981.19536585366
"N상계1동","주말","ratio",0.963503672340005,0.939028725128023,0.955968076389985,0.96051992348791,0.939878603332953,0.905661456583594,0.885010887314781,0.890777482792237,0.906551886097336,0.937555462264848,0.926347466639327,0.937726650002559,0.953914275057722,0.958662387017742,0.970480673885851,0.984539219364167,0.997826196865289,1.00332542910339,0.959894311332081,0.890450096089837,0.883449882296121,0.902971539718878,0.885140472859899,0.880773825234351
"N상계2동","주중","kbad",1214.04924050633,727.605443037975,531.845443037975,437.662658227848,597.913670886076,1267.35544303797,2303.49139240506,5387.22227848101,6263.58113924051,5446.83037974684,4656.48189873418,4604.83518987342,4788.73189873418,5148.38683544304,5250.55202531646,5672.09759493671,6251.61430379747,7247.24886075949,9112.93898734177,6812.86607594937,4845.32886075949,4477.9482278481,3731.66316455696,2439.63379746835
"N상계2동","주중","kgood",1355.19885057471,844.062988505747,596.830114942529,493.750574712644,687.938620689655,1402.13057471264,2646.07425287356,6040.50747126437,6781.80471264368,5817.36459770115,5065.81287356322,4955.65528735632,5110.38057471264,5381.56206896552,5457.32574712644,6060.53689655172,6774.66448275862,7762.05977011494,9508.3624137931,7502.70195402299,5467.13356321839,4897.48482758621,4134.59770114943,2733.19091954023
"N상계2동","주중","ratio",0.895845831031716,0.862027423244871,0.891116969004133,0.886404352000121,0.869138107534463,0.903878330516906,0.870531652656208,0.891849286522509,0.923586184598176,0.936305484772136,0.919197375614642,0.929208131490103,0.937059741192259,0.956671458856313,0.962110797230886,0.935906783797319,0.922793198055445,0.933675992635673,0.958413088474865,0.908055007075987,0.886264951227412,0.914336314555796,0.902545648762769,0.892595456843806
"N상계2동","주말","kbad",1763.08363636364,1177.82333333333,888.242121212121,705.233636363636,719.952424242424,1150.43575757576,1543.16393939394,2248.81242424242,4295.33363636364,5295.90787878788,5808.73454545455,5807.94454545455,6669.61151515152,7016.5203030303,7131.90090909091,6731.31575757576,7242.73,7416.66212121212,6931.66696969697,5379.61151515152,4564.11181818182,4120.06666666667,3314.66484848485,2103.12
"N상계2동","주말","kgood",1820.47918918919,1216.44594594595,907.992702702703,714.575675675676,721.184864864865,1203.67054054054,1672.63810810811,2474.49189189189,4600.82621621622,5603.89135135135,6112.0945945946,6110.66459459459,6691.80243243243,7156.52162162162,7149.54756756757,6904.70081081081,7282.88405405405,7581.08837837838,7246.54567567568,5912.53675675676,5107.0945945946,4436.87891891892,3592.15405405405,2349.11648648649
"N상계2동","주말","ratio",0.968472282920677,0.968249626922322,0.978248083457287,0.986926452116907,0.998291089174935,0.955772961809902,0.922592838171902,0.908797653211576,0.93360049575969,0.945041141368809,0.950367252265969,0.950460372279665,0.996683865445075,0.9804372394868,0.997531779695164,0.974888839069814,0.994486517462584,0.978310995867663,0.956547751153263,0.909865212931451,0.893680689410477,0.928595695748793,0.922751307044854,0.895281273661138
"N상계3,4동","주중","kbad",948.738347826087,560.538260869565,416.833043478261,379.206086956522,475.166608695652,917.107304347826,1695.98208695652,3460.18347826087,3314.26156521739,2940.04226086957,2715.688,2677.76660869565,2757.56573913043,2924.2372173913,2924.73069565217,3145.66973913043,3540.7187826087,4080.49452173913,4465.36156521739,3456.74330434783,2746.65573913043,2614.10886956522,2234.87965217391,1563.30095652174
"N상계3,4동","주중","kgood",1016.33855555556,615.610555555556,454.858111111111,393.661222222222,490.033666666667,934.333444444444,1881.25088888889,3686.51433333333,3623.11088888889,3164.94355555556,2974.11622222222,2931.13333333333,2940.86866666667,3059.231,3136.19511111111,3400.90022222222,3843.09433333333,4506.61444444444,5192.55155555556,4097.97922222222,3088.48355555556,2849.69722222222,2492.72833333333,1723.22922222222
"N상계3,4동","주중","ratio",0.933486526354875,0.910540366488208,0.916402353384523,0.963280266255078,0.969661149871306,0.981563177258563,0.901518291352521,0.938605730343705,0.914755762894629,0.928939871837142,0.913107557703603,0.913560150349917,0.93767048164582,0.955873295410286,0.932572940149754,0.924952081385965,0.921319768785803,0.905445667039341,0.859955171834522,0.843523872840265,0.889321794895025,0.917328637295267,0.896559654049979,0.90719269169876
"N상계3,4동","주말","kbad",1135.53523809524,734.413095238095,557.98880952381,470.164761904762,485.554523809524,738.762857142857,1023.2730952381,1415.29857142857,2278.83071428571,3061.92857142857,3591.53476190476,3782.8180952381,4047.06571428571,4034.32714285714,4020.97119047619,3811.48285714286,3855.94214285714,3798.16142857143,3339.93738095238,2771.74904761905,2513.05976190476,2341.87714285714,1898.57023809524,1382.58761904762
"N상계3,4동","주말","kgood",1171.72243902439,795.462682926829,591.608780487805,488.136097560976,509.668292682927,793.743170731707,1210.10292682927,1689.90756097561,2557.11341463415,3364.30780487805,3886.37365853659,3918.4187804878,4179.34951219512,4283.21975609756,4191.41219512195,4043.77804878049,4175.32731707317,4255.39121951219,3923.48170731707,3235.30463414634,2886.19097560976,2635.32048780488,2107.99073170732,1559.48487804878
"N상계3,4동","주말","ratio",0.969116234592825,0.923252732027469,0.943171954046601,0.963183760131633,0.952687327778492,0.930732867234414,0.845608313599648,0.837500585305091,0.891173109977898,0.910121412490544,0.924135216390169,0.965394029365889,0.968348232775601,0.94189123430193,0.959335661416426,0.942554910572383,0.923506554106539,0.892552818917275,0.85126875313923,0.856719648086677,0.870718460123324,0.888649844940809,0.900653977998061,0.886566864808273
"N상계5동","주중","kbad",612.738347826087,391.57947826087,294.034695652174,262.624260869565,301.853739130435,580.79547826087,1014.22973913043,1896.02182608696,2030.784,1808.52095652174,1653.65982608696,1651.72460869565,1763.018,1874.152,1928.94756521739,2186.93347826087,2396.7047826087,2747.184,3278.51869565217,2631.47695652174,2019.982,1954.29860869565,1669.36443478261,1159.996
"N상계5동","주중","kgood",695.306025641026,455.816666666667,341.200128205128,293.314871794872,338.792692307692,656.855512820513,1141.08525641026,2112.73974358974,2252.18230769231,1980.94333333333,1842.71564102564,1790.40051282051,1850.46897435897,1922.93884615385,2012.65384615385,2289.56064102564,2560.29435897436,2897.69743589744,3443.2541025641,2954.55666666667,2253.30012820513,2110.6141025641,1862.63102564103,1274.075
"N상계5동","주중","ratio",0.881249874486825,0.859072313271131,0.861766076111793,0.895366331964341,0.890968860852201,0.884205836633624,0.888829062887994,0.89742327792132,0.901696098519146,0.912959460318605,0.897403695540644,0.922544758487364,0.952741183142901,0.974629018363518,0.95840999628604,0.955176045165243,0.936105168613816,0.948057573564156,0.952157057828159,0.890650359226507,0.896454926139387,0.92593838273015,0.8962400023419,0.910461315071719
"N상계5동","주말","kbad",834.492777777778,566.243888888889,450.125277777778,372.357777777778,351.091666666667,496.805,637.090277777778,930.183333333333,1443.62305555556,1802.50083333333,1948.55583333333,1897.72027777778,2135.09722222222,2228.07666666667,2308.72527777778,2301.77472222222,2435.61222222222,2597.73,2369.85916666667,1985.2825,1814.81527777778,1729.22333333333,1375.24277777778,1001.82555555556
"N상계5동","주말","kgood",840.645128205128,571.462051282051,456.05358974359,362.71358974359,369.959487179487,566.068205128205,760.790256410256,1056.18230769231,1593.75205128205,1984.86666666667,2158.63230769231,2084.06205128205,2243.78974358974,2404.74461538462,2444.99538461538,2443.70102564103,2619.5341025641,2781.77128205128,2572.65358974359,2191.82205128205,2001.93461538462,1872.99769230769,1503.78205128205,1087.1941025641
"N상계5동","주말","ratio",0.992681394061622,0.990868750809515,0.987000843543091,1.02658899006515,0.949000306339849,0.877641590711638,0.837405937326078,0.880703384783756,0.905801535686979,0.908121872166057,0.902680751320934,0.910587223931436,0.95155850868913,0.926533592137936,0.94426569976571,0.941921576359132,0.929788323747398,0.933840253784068,0.921173054978951,0.905768102314127,0.906530744726202,0.923238368330707,0.914522670758913,0.921478099626176
"N상계6,7동","주중","kbad",2438.30795698925,1582.17419354839,1167.44537634409,1070.81225806452,1508.67139784946,3712.83225806452,6536.2135483871,12513.0270967742,14199.4023655914,12061.8552688172,10855.8922580645,10434.0115053763,10538.5289247312,11319.1662365591,11604.9965591398,12172.0676344086,12963.2031182796,13936.5695698925,15090.4809677419,11490.8110752688,8766.85247311828,8077.09903225806,6616.98311827957,4531.17032258065
"N상계6,7동","주중","kgood",2580.12493670886,1670.61367088608,1209.07734177215,1079.91329113924,1529.04227848101,3789.67886075949,6724.09873417722,13308.3953164557,14653.7253164557,12425.7870886076,11224.6701265823,10831.0427848101,10627.5953164557,11274.7407594937,11644.9906329114,12395.9410126582,13369.1151898734,14190.5529113924,15232.9662025316,12290.9455696203,9444.49556962025,8524.48341772152,7102.88607594937,4790.18430379747
"N상계6,7동","주중","ratio",0.945034840095569,0.94706168225549,0.965567161016312,0.991572440908544,0.986677359469885,0.979722133320928,0.972057937692804,0.94023560310851,0.968996078399661,0.970711568032253,0.967145772271345,0.963343208283639,0.991619327884399,1.00394026594608,0.99656555552234,0.981939783512925,0.969638075083585,0.982101941828071,0.99064625806325,0.934900493227377,0.928249942889304,0.947517712975617,0.931590771346441,0.945928180464479
"N상계6,7동","주말","kbad",3192.28971428571,2214.77571428571,1695.57428571429,1385.88942857143,1472.62285714286,2589.76085714286,3585.69914285714,5328.586,8522.77657142857,10659.0577142857,11469.8762857143,11435.42,12043.712,12738.8545714286,13253.7154285714,13109.864,13718.3357142857,13622.7837142857,11716.484,9336.926,8218.81485714286,7343.68,5538.48171428571,3643.44057142857
"N상계6,7동","주말","kgood",3193.29289473684,2201.19078947368,1666.78973684211,1333.73657894737,1489.30657894737,2584.10631578947,3628.02868421053,5289.66710526316,8457.72789473684,10417.2552631579,11464.2965789474,11247.5955263158,11657.2668421053,12403.9928947368,12669.4265789474,12620.1636842105,13036.8513157895,13067.3457894737,11681.5563157895,9580.86552631579,8746.7852631579,7583.37552631579,5829.39684210526,3900.45236842105
"N상계6,7동","주말","ratio",0.999685847655008,1.00617162532071,1.01726945411046,1.03910281119021,0.988797657889685,1.0021881999664,0.988332633218253,1.00735753195095,1.00769103446,1.02321172372371,1.00048670293275,1.01669907788245,1.03315058007413,1.02699628091804,1.04611801852145,1.0388030082686,1.05227369569452,1.04250579526712,1.00298998551788,0.97453888423277,0.939638348246768,0.96839197459179,0.950095158092808,0.934107182266009
"N상계8동","주중","kbad",1224.67592105263,855.38197368421,664.421315789474,645.086447368421,778.218815789474,1390.95355263158,2116.88894736842,3869.43092105263,3721.80526315789,3663.60605263158,3391.83065789474,3170.78407894737,3273.11263157895,3639.46815789474,3763.44355263158,3984.47486842105,4349.56921052632,4503.56605263158,5316.48605263158,4264.56026315789,3424.09223684211,3340.78026315789,2831.70802631579,2098.61407894737
"N상계8동","주중","kgood",1155.95223404255,777.400425531915,588.712765957447,528.37829787234,644.135744680851,1267.83308510638,1959.21436170213,3691.41361702128,3592.46712765957,3427.77404255319,3176.01659574468,2963.1529787234,2981.35340425532,3211.96521276596,3505.75723404255,3785.8279787234,4152.5085106383,4428.92606382979,5098.64882978723,4399.54457446809,3457.30882978723,3256.14159574468,2819.50329787234,2024.48606382979
"N상계8동","주중","ratio",1.05945201279619,1.10031065791987,1.12860014969932,1.22087990738083,1.20815964991208,1.09711094383916,1.08047847583626,1.04822469722995,1.03600259401193,1.06880033723073,1.06795117583429,1.07007100264982,1.09786133603188,1.1330970034886,1.07350375436347,1.05247118749559,1.04745582083292,1.01685284146226,1.04272450017968,0.96931857172364,0.990392355852349,1.02599354632606,1.00432868032205,1.03661572012867
"N상계8동","주말","kbad",1546.07178571429,1152.34357142857,902.518214285714,778.062857142857,793.845,1102.85785714286,1280.90392857143,1832.83928571429,2790.77571428571,3530.46107142857,3860.27428571429,3702.76071428571,4030.30964285714,4129.24928571429,4373.16214285714,4343.16642857143,4418.7425,4421.76357142857,4091.57892857143,3456.49321428571,3156.68428571429,2932.52821428571,2374.78071428571,1718.175
"N상계8동","주말","kgood",1309.34863636364,938.241818181818,695.908181818182,578.676363636364,608.926818181818,912.236590909091,1097.35840909091,1611.76045454545,2499.27136363636,3088.68795454545,3443.38636363636,3273.18613636364,3517.94659090909,3656.27772727273,3830.71772727273,3832.06454545455,3949.67454545455,4012.88704545455,3756.24386363636,3302.57386363636,3128.32659090909,2819.54545454545,2295.66363636364,1591.71
"N상계8동","주말","ratio",1.18079458959692,1.22819463926864,1.29689266179876,1.34455613886415,1.30367882690785,1.2089603378481,1.16726123202772,1.13716605997209,1.11663573427466,1.14302937797034,1.12106916797965,1.13124049779806,1.14564264655753,1.12935876148401,1.14160385969514,1.13337507159767,1.11876116605235,1.10189086344635,1.08927404000081,1.04660587681145,1.00906481276207,1.04007126735911,1.03446370655912,1.07945228716286
"N상계9동","주중","kbad",605.433965517241,424.475172413793,319.91224137931,295.495344827586,348.067931034483,666.436896551724,958.549224137931,2130.00862068966,1908.95422413793,1711.72724137931,1547.70534482759,1534.69215517241,1633.03853448276,1744.0799137931,1879.17086206897,2041.68612068966,2255.73163793103,2526.22353448276,2949.51086206897,2426.50284482759,1909.37327586207,1846.68,1554.7150862069,1096.90784482759
"N상계9동","주중","kgood",657.9628,449.293333333333,337.050133333333,293.420133333333,352.456933333333,734.638533333333,1163.0148,2592.85293333333,2266.8372,2090.27613333333,1884.45013333333,1844.10373333333,1867.20466666667,1981.08866666667,2163.9312,2384.53186666667,2658.40266666667,2913.53173333333,3290.75733333333,2828.1856,2178.53986666667,2030.80413333333,1739.17066666667,1208.48866666667
"N상계9동","주중","ratio",0.920164431054828,0.944761786836647,0.94915328534502,1.00707249182487,0.98754740825399,0.907163001003837,0.824193487596143,0.821492261788773,0.84212232979851,0.81890005539586,0.8213034229194,0.832215741138575,0.874590002711411,0.880364389105133,0.86840601127659,0.85622094182525,0.848528955457099,0.867065735231426,0.896301538916968,0.857971571889619,0.876446332278306,0.909334371389567,0.89394049474552,0.907669120185587
"N상계9동","주말","kbad",813.302777777778,591.641666666667,471.044444444444,393.373055555556,400.218333333333,568.46,637.185555555556,875.425833333333,1408.55833333333,1719.8,1908.19888888889,1875.05111111111,2111.52972222222,2164.52388888889,2272.30527777778,2251.30527777778,2419.9325,2497.04388888889,2292.76944444444,1955.09805555556,1780.40972222222,1645.63527777778,1315.43305555556,946.206944444444
"N상계9동","주말","kgood",794.340512820513,561.41717948718,427.597179487179,355.232564102564,385.385897435897,599.995128205128,728.51358974359,1010.60512820513,1576.0158974359,1953.84076923077,2192.94051282051,2152.27128205128,2302.42205128205,2410.37641025641,2523.47512820513,2531.82974358974,2671.93974358974,2756.34666666667,2570.42871794872,2222.57641025641,2010.16615384615,1804.32820512821,1438.03487179487,1004.80205128205
"N상계9동","주말","ratio",1.02387170822993,1.05383605682871,1.10160793158031,1.10736766644507,1.0384872305814,0.947441026230555,0.874637844133864,0.866239254977977,0.893746272245725,0.880215024214634,0.870155336058161,0.871196454995228,0.917090644196387,0.898002436332602,0.900466682782009,0.889200896497003,0.905683784900339,0.90592519405719,0.891979391777939,0.879653921698019,0.885702765821459,0.912048746508869,0.914743502647963,0.941684925142376
"N상계10동","주중","kbad",664.575352112676,411.451690140845,292.570422535211,268.802112676056,368.882957746479,806.091830985916,1421.84957746479,3214.60633802817,3045.74464788732,2605.34450704225,2324.26887323944,2200.56323943662,2325.40690140845,2543.40704225352,2651.84816901408,2800.18366197183,3006.27647887324,3255.95183098592,3673.28014084507,2872.48169014084,2238.32816901408,2124.06943661972,1772.44,1205.71014084507
"N상계10동","주중","kgood",750.617553191489,474.580744680851,342.967978723404,297.248404255319,405.647765957447,876.422234042553,1577.63670212766,3523.29468085106,3316.54744680851,2876.19478723404,2607.34521276596,2454.0164893617,2519.905,2704.49212765957,2831.81255319149,3071.07755319149,3323.52627659574,3576.78021276596,3955.44159574468,3296.00861702128,2567.25819148936,2338.05617021277,1973.84063829787,1349.47510638298
"N상계10동","주중","ratio",0.885371450863389,0.866979317539612,0.853054631001463,0.90430128077381,0.909367655152267,0.919752831084357,0.901252852159961,0.912386453366901,0.918347979860268,0.905830341743906,0.891431200540482,0.896719011048289,0.922815305104141,0.940437953670269,0.936449047810533,0.911791908042784,0.904544218604024,0.910302461237353,0.928664992752475,0.871503088707581,0.871874974022596,0.908476649825921,0.897965096882619,0.893466011445558
"N상계10동","주말","kbad",955.475,637.022,488.941666666667,400.895,416.795333333333,608.051333333333,763.973333333333,1171.02233333333,2024.894,2439.81866666667,2629.61166666667,2639.34933333333,2931.799,3050.543,3149.34333333333,3065.14733333333,3233.41533333333,3244.716,2878.04166666667,2345.03866666667,2103.836,1928.94633333333,1489.48,1041.29666666667
"N상계10동","주말","kgood",954.538048780488,650.13243902439,482.116829268293,394.479268292683,429.463658536585,665.349268292683,898.271951219512,1325.51219512195,2187.29902439024,2642.95926829268,2894.03268292683,2865.94780487805,3064.81804878049,3245.69195121951,3297.65341463415,3260.80951219512,3395.77268292683,3476.23634146341,3144.8943902439,2655.33951219512,2434.87926829268,2120.54731707317,1680.01487804878,1155.95146341463
"N상계10동","주말","ratio",1.00098157555973,0.979834202637136,1.01415598250062,1.01626379945158,0.97050198555468,0.913882921812811,0.850492250477317,0.883448932150787,0.925750881530467,0.923138958642657,0.908632332378242,0.920934194558942,0.956598060092534,0.939874469249558,0.955025570412388,0.939995826763253,0.95218839281858,0.933399136674939,0.915147318013264,0.883140802107097,0.864041198016028,0.90964550415961,0.886587386493819,0.900813485360984
